doddapatre,[(0, 3)]
tambuli,[(0, 3), (135, 2)]
recipe,[(0, 1), (1, 2), (2, 1), (3, 2), (4, 2), (6, 2), (8, 2), (9, 1), (10, 2), (11, 2), (12, 1), (14, 1), (15, 2), (17, 1), (19, 1), (20, 1), (22, 1), (23, 1), (24, 1), (25, 3), (26, 2), (27, 2), (29, 2), (31, 1), (32, 1), (34, 2), (35, 2), (37, 2), (38, 2), (39, 2), (41, 2), (43, 1), (44, 2), (46, 1), (47, 1), (48, 3), (50, 3), (51, 1), (52, 1), (53, 1), (54, 2), (55, 3), (57, 1), (58, 1), (60, 2), (61, 3), (63, 3), (64, 2), (65, 1), (66, 1), (69, 1), (70, 1), (71, 1), (72, 2), (74, 1), (75, 2), (76, 1), (78, 3), (79, 1), (81, 1), (82, 1), (83, 1), (84, 1), (86, 1), (87, 2), (88, 1), (89, 1), (90, 3), (92, 2), (93, 1), (94, 4), (95, 2), (96, 3), (97, 1), (98, 2), (99, 1), (101, 1), (102, 5), (103, 3), (105, 2), (106, 1), (107, 1), (109, 2), (110, 2), (114, 2), (115, 1), (116, 3), (117, 1), (118, 2), (119, 4), (122, 1), (124, 3), (125, 3), (126, 1), (127, 2), (128, 4), (129, 1), (132, 1), (133, 1), (134, 1), (135, 1), (136, 2), (137, 1), (138, 2), (139, 2), (140, 2), (141, 1), (143, 2), (144, 2), (146, 1), (148, 1), (150, 1), (151, 1), (153, 3), (154, 1), (155, 2), (156, 3), (157, 2), (158, 1), (159, 2), (161, 2), (162, 2), (163, 1), (166, 2), (167, 2), (168, 1), (169, 1), (170, 2), (171, 1), (172, 1), (173, 1), (174, 1), (175, 2), (177, 1), (181, 1), (184, 2), (185, 1), (186, 3), (187, 1), (189, 1), (190, 1), (191, 2), (192, 2), (194, 1), (195, 1), (196, 8), (197, 3), (198, 1), (199, 1)]
is,[(0, 5), (1, 3), (2, 2), (3, 2), (4, 4), (5, 3), (6, 2), (7, 3), (8, 2), (9, 5), (10, 3), (11, 4), (12, 3), (13, 1), (14, 2), (15, 4), (16, 3), (17, 3), (19, 1), (20, 2), (21, 3), (22, 1), (23, 4), (24, 3), (25, 2), (26, 4), (27, 4), (28, 1), (29, 3), (30, 2), (31, 3), (32, 1), (33, 5), (34, 4), (35, 1), (36, 2), (37, 4), (38, 2), (39, 4), (40, 2), (41, 4), (42, 1), (43, 1), (44, 2), (45, 1), (46, 4), (47, 2), (48, 2), (49, 1), (50, 3), (51, 2), (52, 4), (53, 4), (54, 1), (55, 9), (56, 5), (57, 2), (58, 2), (60, 2), (61, 1), (62, 1), (63, 2), (64, 1), (65, 2), (66, 2), (67, 4), (68, 5), (69, 2), (70, 2), (71, 2), (72, 3), (73, 2), (74, 2), (75, 2), (76, 3), (77, 2), (78, 2), (79, 2), (80, 6), (81, 4), (82, 5), (83, 7), (84, 2), (85, 4), (86, 2), (87, 1), (88, 3), (89, 2), (90, 3), (91, 3), (92, 4), (93, 2), (94, 2), (95, 2), (96, 4), (97, 2), (98, 2), (99, 1), (100, 3), (102, 2), (103, 2), (104, 4), (105, 1), (106, 4), (107, 3), (108, 2), (109, 2), (110, 7), (111, 3), (112, 2), (113, 3), (114, 3), (115, 1), (116, 2), (117, 2), (118, 6), (119, 2), (120, 1), (121, 3), (122, 1), (123, 5), (124, 1), (125, 2), (126, 2), (127, 2), (128, 6), (129, 3), (130, 2), (131, 1), (132, 1), (133, 2), (134, 3), (135, 1), (136, 2), (137, 2), (138, 2), (139, 1), (140, 4), (141, 2), (142, 2), (143, 5), (144, 3), (145, 3), (146, 1), (147, 2), (148, 1), (149, 2), (150, 3), (151, 2), (152, 2), (153, 2), (154, 2), (155, 3), (156, 5), (157, 3), (158, 2), (159, 1), (160, 3), (161, 1), (162, 2), (163, 2), (164, 1), (165, 3), (166, 3), (167, 2), (168, 1), (169, 1), (170, 1), (171, 2), (172, 1), (173, 1), (174, 5), (175, 2), (176, 5), (177, 2), (178, 1), (179, 4), (181, 2), (182, 3), (183, 1), (184, 5), (185, 5), (186, 4), (187, 2), (188, 1), (189, 2), (190, 1), (191, 1), (192, 5), (193, 4), (194, 2), (195, 2), (196, 3), (197, 4), (198, 3), (199, 5)]
a,[(0, 8), (2, 1), (3, 2), (4, 2), (5, 2), (6, 3), (7, 1), (8, 3), (9, 1), (11, 4), (12, 2), (14, 1), (15, 3), (16, 5), (17, 4), (18, 3), (19, 3), (20, 1), (21, 2), (22, 2), (23, 3), (24, 2), (25, 2), (26, 1), (27, 4), (28, 2), (29, 1), (30, 2), (31, 6), (32, 3), (33, 1), (34, 5), (35, 4), (36, 3), (37, 5), (38, 2), (39, 1), (40, 1), (41, 4), (42, 2), (43, 2), (44, 3), (45, 1), (46, 4), (47, 2), (48, 2), (49, 2), (50, 3), (51, 3), (52, 2), (53, 2), (54, 2), (55, 5), (56, 3), (57, 2), (58, 2), (59, 6), (60, 1), (61, 2), (62, 2), (63, 3), (65, 2), (66, 3), (67, 1), (68, 5), (69, 3), (70, 2), (71, 4), (72, 2), (73, 1), (74, 2), (75, 2), (76, 3), (77, 2), (78, 2), (79, 2), (80, 3), (81, 3), (82, 2), (83, 2), (84, 1), (85, 3), (86, 2), (87, 1), (88, 1), (89, 2), (90, 4), (91, 2), (92, 7), (93, 4), (94, 1), (96, 3), (98, 6), (99, 1), (100, 4), (101, 3), (102, 3), (103, 1), (104, 1), (105, 2), (106, 3), (107, 2), (108, 5), (109, 2), (110, 4), (111, 1), (112, 2), (114, 2), (115, 1), (116, 2), (117, 1), (118, 2), (119, 3), (120, 2), (121, 1), (122, 2), (123, 4), (124, 1), (125, 1), (127, 2), (128, 1), (129, 2), (130, 1), (131, 2), (132, 2), (133, 1), (134, 2), (135, 3), (137, 1), (138, 2), (139, 3), (140, 3), (141, 3), (142, 2), (143, 3), (144, 1), (145, 5), (146, 1), (148, 1), (149, 2), (150, 2), (152, 2), (153, 2), (154, 3), (155, 3), (156, 2), (157, 2), (158, 3), (159, 2), (160, 1), (161, 1), (162, 9), (163, 2), (164, 1), (166, 2), (167, 3), (168, 4), (169, 4), (170, 3), (171, 1), (172, 1), (173, 2), (174, 1), (175, 1), (176, 3), (177, 3), (178, 1), (179, 1), (180, 1), (181, 2), (182, 3), (183, 1), (184, 5), (185, 2), (186, 4), (187, 3), (188, 1), (189, 3), (190, 1), (191, 4), (192, 2), (193, 1), (194, 1), (195, 1), (196, 4), (197, 3), (198, 1), (199, 4)]
popular,[(0, 1), (4, 1), (18, 1), (20, 1), (21, 1), (34, 1), (67, 1), (85, 1), (91, 1), (94, 1), (97, 1), (108, 1), (110, 1), (111, 1), (125, 1), (128, 1), (131, 1), (160, 1), (183, 1), (185, 2), (188, 1), (198, 1)]
healing,[(0, 1)]
nourishing,[(0, 1)]
cold,[(0, 2), (59, 2), (127, 1), (130, 1)]
yoghurt,[(0, 2)]
curry,[(0, 2), (5, 1), (6, 2), (7, 2), (9, 3), (10, 3), (11, 2), (12, 1), (17, 1), (19, 3), (21, 4), (22, 3), (23, 3), (25, 1), (26, 2), (32, 5), (33, 3), (39, 2), (43, 1), (45, 2), (52, 1), (55, 1), (59, 2), (61, 4), (66, 2), (70, 2), (71, 3), (75, 1), (77, 2), (78, 2), (85, 1), (88, 2), (89, 3), (95, 3), (97, 1), (100, 2), (102, 2), (103, 1), (104, 3), (108, 1), (109, 1), (112, 2), (117, 1), (118, 2), (121, 1), (123, 2), (126, 1), (128, 1), (132, 1), (136, 1), (138, 3), (145, 1), (148, 1), (149, 1), (153, 1), (154, 2), (155, 1), (157, 1), (158, 1), (164, 1), (167, 2), (173, 1), (176, 1), (179, 1), (181, 1), (184, 1), (185, 1), (186, 1), (188, 1), (193, 3), (196, 1), (199, 1)]
from,[(0, 1), (9, 1), (10, 1), (11, 1), (15, 2), (17, 3), (19, 1), (21, 1), (22, 1), (23, 1), (26, 1), (27, 1), (28, 1), (29, 1), (34, 1), (35, 1), (39, 1), (47, 1), (48, 2), (55, 1), (57, 1), (61, 1), (65, 1), (71, 3), (72, 1), (73, 1), (76, 1), (85, 1), (88, 1), (92, 1), (94, 1), (96, 1), (97, 1), (102, 1), (103, 2), (109, 1), (113, 1), (114, 2), (116, 1), (123, 1), (132, 1), (133, 1), (134, 1), (135, 1), (137, 1), (138, 2), (140, 2), (142, 1), (145, 1), (149, 1), (154, 2), (157, 2), (158, 1), (167, 1), (171, 1), (173, 1), (175, 1), (177, 2), (178, 1), (179, 2), (189, 1), (194, 1), (196, 1)]
karnataka,[(0, 1), (14, 1), (88, 1), (90, 2), (114, 1), (118, 1), (135, 1), (145, 1), (171, 2), (174, 2), (177, 2), (199, 1)]
also,[(0, 3), (3, 1), (9, 1), (14, 1), (15, 1), (21, 1), (22, 1), (34, 1), (41, 1), (48, 1), (49, 1), (55, 1), (65, 1), (81, 1), (86, 1), (88, 1), (90, 1), (91, 1), (94, 1), (104, 1), (108, 1), (110, 1), (112, 1), (122, 1), (123, 1), (124, 2), (127, 1), (130, 1), (134, 1), (148, 1), (151, 1), (155, 1), (164, 1), (165, 1), (168, 1), (176, 1), (193, 1), (196, 1), (199, 1)]
known,[(0, 3), (22, 1), (39, 1), (70, 1), (83, 1), (86, 1), (90, 1), (106, 1), (112, 1), (134, 1), (148, 1), (178, 1)]
as,[(0, 2), (1, 2), (3, 2), (9, 1), (13, 1), (16, 1), (17, 1), (19, 1), (21, 1), (22, 1), (36, 1), (37, 2), (39, 1), (41, 2), (51, 1), (58, 1), (63, 1), (65, 1), (68, 2), (69, 1), (70, 1), (76, 1), (78, 2), (79, 1), (80, 1), (86, 1), (88, 1), (90, 3), (91, 1), (94, 1), (100, 1), (107, 1), (108, 1), (112, 2), (114, 1), (115, 1), (116, 1), (120, 1), (123, 2), (124, 1), (134, 1), (138, 1), (143, 1), (144, 1), (148, 1), (149, 1), (156, 2), (162, 2), (163, 1), (167, 1), (168, 2), (170, 2), (186, 1)]
big,[(0, 1)]
thyme,[(0, 1)]
in,[(0, 5), (1, 2), (3, 3), (4, 4), (5, 1), (8, 2), (9, 5), (11, 2), (12, 3), (13, 2), (15, 1), (16, 2), (18, 2), (19, 2), (20, 1), (21, 3), (22, 1), (24, 2), (25, 3), (26, 4), (27, 3), (28, 1), (29, 1), (30, 1), (31, 1), (32, 1), (33, 1), (34, 2), (36, 2), (37, 3), (38, 1), (39, 1), (41, 1), (44, 1), (45, 1), (46, 2), (47, 1), (48, 2), (49, 2), (50, 4), (51, 1), (52, 2), (53, 3), (54, 1), (58, 1), (61, 3), (63, 3), (65, 2), (68, 3), (70, 3), (74, 1), (75, 2), (76, 1), (77, 3), (78, 1), (79, 1), (80, 1), (81, 1), (82, 2), (83, 3), (85, 1), (88, 2), (89, 1), (90, 1), (91, 1), (92, 2), (93, 1), (94, 1), (95, 3), (96, 2), (97, 1), (98, 2), (99, 2), (100, 2), (101, 1), (104, 4), (105, 2), (106, 2), (107, 1), (110, 7), (111, 1), (113, 1), (114, 3), (116, 1), (117, 2), (118, 1), (119, 1), (122, 2), (123, 5), (124, 2), (125, 1), (127, 1), (132, 1), (133, 1), (134, 1), (136, 2), (138, 5), (139, 1), (140, 2), (141, 3), (142, 2), (143, 1), (144, 2), (145, 1), (147, 2), (150, 1), (152, 1), (154, 1), (156, 1), (158, 2), (160, 2), (161, 1), (162, 1), (165, 3), (167, 2), (168, 1), (169, 1), (170, 2), (171, 1), (174, 3), (176, 2), (177, 3), (178, 1), (179, 3), (180, 2), (181, 1), (182, 1), (184, 4), (185, 2), (186, 1), (190, 2), (192, 4), (197, 1), (198, 4), (199, 1)]
english,[(0, 1)]
ajwain,[(0, 1)]
leaves,[(0, 1), (32, 1), (50, 1), (54, 2), (55, 1), (60, 1), (62, 1), (79, 1), (90, 1), (103, 1), (118, 1), (120, 2), (121, 1), (130, 1), (132, 1), (138, 3), (148, 1), (152, 1), (155, 1), (157, 1), (160, 1), (175, 2), (176, 2)]
hindi,[(0, 1)]
karpooravalli,[(0, 1)]
tamil,[(0, 1), (11, 1), (21, 1), (26, 1), (34, 1), (50, 1), (96, 2), (110, 1), (174, 1)]
owa,[(0, 1)]
marathi,[(0, 1)]
and,[(0, 7), (3, 7), (4, 2), (5, 2), (6, 2), (7, 3), (8, 3), (9, 2), (10, 1), (11, 5), (12, 3), (13, 1), (15, 2), (16, 1), (17, 3), (18, 2), (19, 1), (21, 3), (23, 2), (24, 4), (26, 4), (27, 4), (28, 1), (30, 2), (31, 3), (32, 4), (33, 3), (34, 5), (35, 3), (36, 1), (37, 3), (39, 2), (40, 1), (41, 1), (42, 2), (44, 3), (46, 7), (47, 3), (49, 2), (50, 3), (51, 2), (52, 2), (53, 3), (54, 3), (55, 5), (56, 3), (57, 3), (58, 2), (59, 3), (61, 2), (62, 4), (63, 1), (65, 3), (66, 5), (67, 1), (68, 1), (69, 2), (70, 3), (71, 4), (72, 2), (73, 2), (75, 2), (76, 3), (77, 4), (78, 2), (79, 1), (80, 4), (81, 1), (82, 5), (83, 6), (84, 3), (85, 4), (86, 4), (87, 1), (89, 4), (90, 1), (91, 3), (92, 4), (93, 1), (94, 2), (95, 4), (96, 2), (97, 3), (98, 3), (100, 2), (101, 2), (102, 4), (103, 3), (104, 6), (106, 2), (107, 3), (108, 2), (110, 2), (111, 3), (112, 2), (113, 1), (114, 6), (116, 1), (117, 1), (118, 4), (119, 2), (120, 3), (121, 2), (123, 6), (124, 2), (126, 3), (127, 4), (128, 4), (129, 3), (130, 4), (131, 2), (132, 1), (133, 1), (134, 3), (135, 3), (136, 2), (137, 2), (138, 1), (139, 2), (140, 1), (141, 4), (142, 1), (143, 2), (144, 5), (145, 1), (147, 3), (148, 1), (149, 2), (150, 3), (151, 3), (152, 1), (153, 2), (154, 3), (155, 3), (156, 5), (157, 4), (158, 3), (159, 2), (160, 3), (161, 2), (162, 2), (164, 2), (165, 3), (166, 4), (167, 5), (168, 1), (169, 2), (170, 3), (172, 3), (173, 2), (174, 2), (175, 2), (176, 3), (177, 2), (178, 2), (179, 3), (180, 1), (181, 1), (182, 2), (183, 1), (184, 2), (185, 1), (186, 2), (189, 2), (190, 1), (191, 6), (192, 1), (193, 4), (194, 3), (195, 1), (196, 4), (197, 3), (199, 4)]
pani,[(0, 1)]
koorka,[(0, 1)]
malayalam,[(0, 1), (167, 1)]
to,[(0, 3), (2, 1), (3, 1), (5, 1), (6, 1), (7, 1), (9, 1), (10, 1), (11, 1), (12, 2), (15, 2), (18, 2), (21, 2), (23, 2), (24, 2), (26, 1), (27, 1), (32, 1), (33, 1), (34, 3), (35, 1), (36, 1), (37, 1), (38, 1), (40, 2), (44, 1), (46, 1), (47, 1), (49, 2), (50, 2), (51, 2), (52, 1), (53, 2), (54, 4), (55, 1), (57, 1), (59, 1), (62, 1), (63, 1), (65, 3), (66, 2), (67, 1), (68, 1), (69, 1), (72, 1), (74, 1), (75, 1), (77, 1), (78, 1), (79, 1), (80, 3), (81, 2), (82, 1), (83, 5), (84, 1), (86, 2), (88, 3), (90, 1), (91, 1), (92, 2), (93, 1), (98, 2), (102, 1), (103, 1), (104, 1), (105, 3), (106, 1), (107, 2), (108, 1), (114, 1), (115, 3), (116, 1), (119, 1), (120, 1), (122, 2), (123, 1), (124, 1), (126, 2), (127, 3), (130, 1), (131, 2), (134, 1), (135, 2), (136, 1), (141, 3), (142, 2), (143, 2), (150, 3), (152, 1), (153, 2), (154, 1), (156, 8), (157, 1), (161, 1), (164, 1), (167, 1), (168, 1), (170, 2), (172, 2), (174, 1), (176, 2), (177, 3), (180, 1), (182, 1), (184, 1), (186, 2), (190, 1), (191, 2), (194, 2), (196, 1), (197, 2), (199, 2)]
have,[(0, 2), (1, 1), (8, 1), (13, 1), (18, 2), (24, 1), (37, 2), (38, 1), (47, 2), (50, 1), (63, 1), (90, 1), (96, 1), (105, 1), (121, 1), (123, 1), (129, 1), (145, 1), (151, 1), (162, 1), (163, 2), (170, 1), (191, 1)]
lot,[(0, 1), (9, 1), (38, 1), (138, 1), (145, 1)]
of,[(0, 2), (3, 2), (6, 2), (7, 2), (9, 1), (10, 1), (11, 4), (12, 2), (15, 2), (16, 3), (17, 2), (18, 1), (19, 2), (20, 1), (23, 2), (25, 1), (26, 1), (27, 2), (31, 2), (32, 1), (33, 2), (35, 3), (36, 1), (37, 1), (38, 4), (39, 1), (41, 2), (42, 1), (46, 4), (49, 3), (50, 3), (54, 1), (55, 4), (56, 1), (57, 1), (58, 2), (59, 3), (61, 2), (62, 2), (63, 3), (65, 2), (67, 1), (68, 5), (69, 1), (70, 1), (71, 2), (73, 3), (75, 1), (76, 1), (78, 1), (79, 2), (80, 2), (82, 4), (83, 3), (85, 2), (86, 1), (88, 1), (89, 2), (90, 3), (92, 4), (93, 1), (94, 1), (95, 1), (96, 1), (101, 2), (103, 2), (104, 2), (105, 1), (108, 1), (110, 6), (113, 4), (114, 1), (115, 1), (116, 3), (121, 1), (122, 1), (123, 2), (125, 3), (126, 2), (127, 3), (128, 1), (131, 1), (134, 1), (135, 1), (136, 1), (138, 3), (141, 1), (142, 3), (144, 1), (145, 2), (147, 5), (149, 1), (150, 1), (151, 3), (154, 1), (155, 1), (156, 1), (158, 1), (159, 1), (160, 1), (161, 2), (162, 2), (163, 1), (164, 2), (166, 1), (167, 4), (170, 1), (171, 4), (174, 3), (175, 1), (177, 2), (178, 3), (179, 1), (180, 1), (184, 4), (185, 3), (186, 1), (187, 1), (189, 1), (191, 1), (192, 2), (193, 1), (197, 1), (198, 3)]
medicinal,[(0, 1), (27, 1)]
values,[(0, 1), (105, 1)]
it,[(0, 4), (1, 2), (5, 1), (7, 1), (9, 2), (11, 3), (12, 2), (13, 1), (14, 1), (15, 3), (16, 2), (18, 1), (21, 3), (26, 1), (27, 3), (31, 2), (33, 1), (34, 5), (37, 2), (41, 5), (47, 2), (48, 1), (50, 2), (51, 2), (53, 1), (54, 1), (55, 1), (57, 2), (59, 3), (65, 6), (68, 3), (71, 1), (74, 1), (76, 1), (77, 1), (78, 2), (80, 3), (81, 3), (82, 1), (83, 1), (84, 1), (85, 3), (86, 1), (89, 2), (90, 1), (93, 1), (97, 1), (100, 2), (106, 3), (108, 2), (112, 2), (113, 5), (114, 2), (116, 1), (118, 1), (121, 2), (122, 1), (123, 1), (124, 1), (125, 1), (129, 3), (131, 1), (136, 1), (138, 1), (141, 1), (143, 2), (144, 1), (149, 2), (150, 4), (151, 1), (154, 1), (155, 1), (156, 4), (161, 1), (165, 2), (166, 1), (167, 2), (168, 1), (169, 2), (172, 2), (173, 1), (174, 1), (176, 2), (179, 1), (182, 2), (183, 1), (184, 1), (185, 2), (187, 1), (189, 1), (196, 2), (199, 3)]
has,[(0, 1), (5, 1), (6, 2), (19, 1), (23, 1), (27, 1), (47, 1), (51, 1), (57, 1), (59, 1), (63, 1), (65, 1), (66, 2), (71, 1), (72, 1), (94, 1), (98, 1), (101, 1), (103, 1), (117, 1), (125, 1), (127, 1), (130, 1), (150, 1), (165, 1), (167, 1), (173, 1), (192, 1)]
very,[(0, 1), (8, 1), (11, 2), (12, 1), (26, 1), (34, 2), (36, 1), (37, 1), (50, 1), (55, 1), (57, 1), (70, 1), (74, 1), (80, 1), (81, 1), (83, 1), (89, 2), (91, 1), (97, 1), (100, 1), (102, 1), (103, 2), (110, 1), (111, 1), (113, 2), (124, 1), (130, 3), (131, 1), (143, 3), (150, 1), (154, 1), (160, 1), (164, 1), (173, 1), (183, 1), (185, 1), (192, 1), (194, 1)]
distinct,[(0, 1), (32, 1)]
smell,[(0, 1)]
flavour,[(0, 1), (12, 1), (33, 1), (44, 1), (54, 2), (57, 1), (65, 1), (74, 1), (80, 1), (90, 1), (93, 1), (101, 1), (120, 1), (121, 2), (131, 1), (138, 1), (149, 1), (152, 1), (160, 1), (169, 1), (199, 1)]
which,[(0, 2), (4, 1), (5, 1), (8, 1), (11, 1), (16, 1), (19, 1), (23, 1), (26, 1), (28, 1), (33, 1), (38, 1), (39, 1), (41, 1), (47, 1), (52, 1), (56, 2), (57, 1), (63, 1), (67, 3), (71, 1), (78, 1), (79, 1), (80, 1), (82, 1), (83, 2), (93, 1), (96, 1), (100, 1), (104, 1), (106, 2), (114, 1), (117, 1), (118, 1), (119, 1), (122, 1), (125, 1), (126, 1), (128, 2), (137, 1), (149, 1), (151, 1), (164, 1), (166, 1), (170, 1), (176, 1), (177, 3), (179, 1), (184, 3), (185, 1), (191, 1), (192, 1), (193, 1), (197, 2)]
resembles,[(0, 1)]
camphor,[(0, 1)]
improve,[(0, 1), (104, 1)]
digestion,[(0, 1), (9, 1)]
relieve,[(0, 1)]
chest,[(0, 1)]
congestion,[(0, 1)]
overall,[(0, 1), (31, 1)]
good,[(0, 1), (4, 1), (9, 1), (21, 1), (27, 1), (37, 1), (65, 1), (68, 1), (81, 1), (87, 1), (100, 1), (142, 1), (184, 1)]
health,[(0, 1), (31, 1), (59, 1), (65, 1), (106, 1), (130, 1), (165, 1), (192, 1)]
benefits,[(0, 1), (59, 1), (106, 1), (115, 1), (130, 1), (165, 1), (192, 1)]
reduces,[(0, 1), (9, 1)]
skin,[(0, 1), (42, 1), (113, 1), (191, 1)]
related,[(0, 1)]
issues,[(0, 1)]
when,[(0, 1), (8, 1), (10, 1), (13, 1), (52, 1), (62, 1), (67, 1), (79, 1), (86, 1), (104, 1), (106, 1), (114, 1), (116, 1), (129, 1), (131, 1), (151, 1), (160, 1), (189, 1), (193, 1), (197, 2), (199, 1)]
crushed,[(0, 1), (86, 1)]
the,[(0, 3), (1, 1), (2, 1), (3, 3), (6, 5), (8, 1), (9, 3), (10, 1), (11, 1), (12, 1), (13, 1), (15, 3), (16, 2), (17, 3), (18, 2), (19, 3), (20, 2), (21, 3), (22, 1), (23, 3), (24, 1), (25, 3), (26, 1), (27, 5), (29, 1), (31, 2), (32, 2), (33, 1), (34, 1), (35, 4), (37, 1), (39, 1), (40, 2), (42, 2), (44, 3), (46, 3), (47, 8), (48, 3), (49, 2), (50, 11), (52, 2), (53, 1), (54, 2), (55, 8), (56, 2), (57, 1), (58, 3), (59, 3), (60, 1), (61, 3), (62, 7), (63, 4), (65, 4), (67, 3), (68, 1), (69, 3), (70, 5), (71, 2), (72, 2), (73, 3), (74, 2), (75, 1), (76, 1), (77, 1), (78, 6), (79, 1), (80, 1), (81, 3), (82, 3), (83, 3), (85, 3), (86, 4), (87, 1), (88, 3), (89, 2), (90, 4), (93, 1), (94, 3), (95, 2), (98, 1), (100, 1), (101, 3), (102, 1), (103, 5), (104, 1), (105, 2), (106, 2), (107, 2), (108, 1), (110, 4), (111, 1), (113, 1), (114, 7), (115, 1), (116, 4), (117, 3), (118, 3), (119, 4), (120, 5), (121, 2), (122, 2), (123, 5), (125, 7), (126, 3), (127, 3), (128, 2), (129, 3), (130, 1), (132, 1), (134, 2), (135, 1), (136, 1), (137, 2), (138, 3), (139, 1), (140, 2), (141, 7), (142, 1), (144, 2), (146, 1), (147, 2), (148, 2), (149, 3), (150, 1), (151, 3), (152, 1), (153, 2), (154, 4), (155, 1), (157, 2), (158, 3), (160, 1), (161, 5), (162, 3), (163, 3), (167, 7), (169, 2), (170, 4), (171, 4), (173, 2), (174, 5), (175, 2), (177, 3), (178, 1), (179, 5), (180, 2), (181, 1), (182, 3), (183, 1), (184, 4), (185, 3), (186, 2), (187, 1), (189, 2), (190, 1), (191, 4), (193, 3), (196, 2), (197, 1), (198, 6), (199, 1)]
juice,[(0, 1), (27, 1), (42, 1), (53, 1), (121, 1)]
applied,[(0, 1)]
on,[(0, 1), (8, 1), (11, 1), (34, 1), (46, 1), (47, 2), (50, 1), (51, 1), (56, 1), (67, 1), (78, 1), (82, 1), (83, 1), (102, 2), (113, 1), (117, 2), (118, 1), (129, 2), (144, 2), (168, 2), (176, 1), (184, 1), (199, 1)]
sensitive,[(0, 1)]
areas,[(0, 1)]
made,[(0, 1), (2, 1), (4, 1), (7, 1), (8, 1), (9, 1), (11, 3), (15, 2), (19, 1), (22, 1), (23, 1), (24, 1), (26, 1), (27, 1), (28, 1), (29, 1), (32, 1), (33, 1), (37, 2), (38, 1), (39, 1), (42, 1), (43, 1), (44, 1), (52, 1), (55, 1), (56, 1), (59, 1), (60, 1), (63, 1), (66, 1), (70, 1), (71, 1), (72, 1), (75, 2), (76, 1), (79, 1), (80, 1), (81, 1), (82, 1), (83, 1), (85, 1), (86, 1), (87, 1), (88, 1), (89, 1), (90, 1), (92, 1), (93, 1), (94, 1), (95, 1), (97, 1), (98, 1), (102, 1), (103, 1), (104, 3), (110, 1), (111, 1), (113, 3), (117, 1), (118, 1), (120, 1), (125, 1), (127, 1), (129, 1), (134, 1), (138, 1), (139, 1), (140, 2), (143, 1), (145, 1), (146, 1), (148, 1), (151, 1), (154, 1), (155, 1), (157, 1), (158, 1), (163, 1), (164, 1), (166, 1), (167, 2), (171, 2), (175, 1), (176, 3), (177, 1), (179, 1), (184, 1), (185, 3), (186, 1), (187, 1), (188, 1), (189, 1), (192, 1), (193, 1), (195, 1), (196, 1), (199, 1)]
by,[(0, 1), (15, 1), (23, 1), (25, 1), (30, 1), (36, 1), (38, 1), (45, 1), (46, 1), (59, 1), (60, 1), (81, 3), (98, 1), (106, 1), (111, 1), (129, 1), (163, 1), (170, 1), (180, 1), (195, 1)]
grinding,[(0, 1)]
herb,[(0, 1), (70, 1)]
vegetable,[(0, 1), (6, 2), (11, 2), (49, 1), (55, 2), (59, 1), (62, 1), (65, 3), (81, 2), (98, 1), (100, 1), (114, 2), (117, 1), (148, 2), (156, 1), (158, 2), (163, 1), (179, 2), (180, 2), (184, 1), (186, 1), (187, 1), (196, 1), (197, 1)]
or,[(0, 2), (1, 1), (9, 1), (10, 1), (15, 1), (24, 1), (27, 3), (29, 1), (31, 1), (33, 1), (34, 1), (36, 1), (37, 1), (41, 3), (45, 1), (52, 1), (58, 2), (59, 2), (65, 1), (67, 1), (74, 1), (76, 2), (77, 2), (80, 3), (81, 1), (83, 1), (88, 1), (94, 1), (100, 5), (102, 1), (104, 1), (106, 1), (108, 1), (112, 1), (113, 1), (114, 1), (115, 1), (116, 1), (119, 1), (123, 1), (128, 2), (131, 1), (133, 1), (138, 2), (140, 1), (141, 2), (148, 1), (151, 1), (156, 1), (161, 1), (162, 1), (164, 2), (168, 1), (170, 1), (171, 1), (176, 2), (179, 1), (182, 2), (184, 1), (188, 1), (189, 1), (190, 1), (191, 2), (192, 1), (195, 1), (196, 1)]
spice,[(0, 1), (12, 2), (34, 1), (47, 1), (52, 1), (54, 1), (75, 1), (89, 1), (96, 1), (111, 1), (128, 1), (149, 1), (166, 1), (179, 1), (196, 1)]
with,[(0, 2), (3, 2), (4, 2), (5, 1), (6, 1), (7, 3), (10, 2), (11, 2), (12, 1), (13, 1), (14, 3), (15, 2), (16, 1), (17, 3), (18, 3), (20, 1), (21, 3), (23, 1), (24, 5), (25, 1), (27, 2), (29, 1), (30, 1), (32, 3), (33, 1), (34, 3), (35, 1), (36, 1), (37, 1), (38, 1), (39, 2), (41, 4), (42, 3), (43, 1), (44, 2), (46, 2), (47, 3), (48, 1), (50, 3), (52, 4), (54, 1), (55, 5), (56, 1), (58, 2), (59, 6), (60, 1), (61, 1), (62, 3), (64, 2), (66, 1), (67, 1), (69, 2), (70, 3), (71, 2), (72, 1), (73, 1), (75, 2), (76, 1), (77, 6), (78, 1), (79, 2), (80, 3), (81, 1), (82, 2), (83, 3), (84, 3), (85, 1), (86, 4), (87, 1), (88, 1), (89, 1), (91, 2), (93, 1), (94, 4), (95, 1), (96, 1), (97, 2), (100, 1), (101, 1), (102, 2), (104, 1), (105, 1), (106, 2), (108, 1), (110, 2), (111, 1), (112, 1), (113, 2), (114, 1), (115, 2), (116, 3), (117, 1), (118, 3), (119, 3), (121, 5), (122, 1), (123, 1), (124, 2), (125, 1), (127, 4), (128, 8), (129, 3), (131, 1), (133, 1), (134, 1), (135, 1), (136, 3), (137, 2), (139, 1), (141, 3), (142, 1), (143, 1), (144, 1), (145, 1), (146, 1), (149, 1), (151, 1), (152, 1), (153, 1), (155, 2), (156, 3), (157, 2), (158, 2), (159, 1), (160, 3), (161, 4), (162, 3), (163, 3), (164, 4), (165, 1), (166, 2), (167, 1), (168, 1), (170, 2), (171, 1), (173, 1), (174, 2), (175, 2), (176, 3), (177, 1), (179, 2), (180, 1), (182, 1), (184, 1), (185, 2), (186, 1), (188, 1), (189, 1), (190, 1), (191, 4), (192, 2), (193, 1), (194, 2), (195, 1), (196, 4), (197, 1), (199, 2)]
coconut,[(0, 1), (3, 1), (9, 1), (11, 1), (12, 2), (14, 1), (17, 1), (19, 4), (23, 1), (32, 1), (39, 1), (45, 1), (46, 1), (50, 1), (52, 2), (55, 1), (59, 1), (61, 1), (63, 2), (71, 2), (72, 2), (73, 1), (74, 1), (78, 2), (118, 1), (124, 1), (126, 1), (127, 1), (128, 2), (130, 1), (132, 3), (153, 1), (158, 1), (167, 1), (176, 1), (196, 1)]
handful,[(0, 1)]
spices,[(0, 1), (3, 1), (4, 1), (5, 1), (17, 1), (18, 1), (19, 1), (21, 1), (23, 1), (24, 1), (25, 1), (29, 1), (30, 1), (36, 1), (46, 2), (48, 1), (52, 1), (54, 2), (59, 1), (62, 1), (64, 1), (65, 1), (66, 1), (67, 1), (68, 1), (69, 1), (70, 1), (77, 1), (78, 1), (83, 1), (92, 1), (106, 1), (110, 2), (119, 2), (127, 1), (128, 1), (133, 1), (134, 1), (135, 1), (137, 1), (138, 1), (141, 2), (152, 1), (153, 1), (160, 2), (169, 1), (185, 1), (189, 1), (191, 1), (199, 1)]
sometimes,[(0, 1)]
given,[(0, 1), (35, 1), (46, 1)]
tempering,[(0, 1), (72, 1)]
enhances,[(0, 1), (61, 1)]
flavours,[(0, 1), (7, 1), (17, 1), (21, 1), (35, 1), (52, 1), (66, 1), (83, 1), (110, 1), (159, 1), (164, 1), (179, 1)]
serve,[(0, 1), (3, 1), (15, 1), (16, 1), (32, 1), (34, 2), (41, 1), (50, 1), (59, 1), (61, 1), (62, 1), (77, 1), (80, 1), (102, 1), (112, 1), (116, 1), (119, 1), (124, 1), (128, 1), (139, 1), (161, 1), (168, 1), (189, 1), (191, 1), (196, 1)]
this,[(0, 1), (1, 1), (3, 1), (4, 1), (7, 1), (8, 1), (10, 1), (11, 1), (12, 1), (13, 1), (15, 1), (17, 2), (23, 1), (24, 1), (25, 2), (28, 1), (33, 1), (34, 1), (36, 1), (37, 1), (52, 2), (55, 1), (57, 1), (58, 1), (59, 1), (63, 1), (65, 1), (72, 2), (76, 1), (78, 1), (80, 4), (81, 1), (83, 1), (84, 1), (89, 1), (90, 1), (91, 4), (92, 2), (94, 1), (96, 1), (97, 2), (102, 2), (103, 1), (104, 2), (105, 2), (110, 1), (111, 1), (112, 1), (113, 1), (114, 2), (115, 1), (117, 1), (118, 1), (121, 2), (123, 1), (124, 2), (126, 1), (127, 1), (128, 1), (130, 2), (131, 1), (136, 1), (140, 1), (141, 1), (143, 1), (144, 3), (151, 2), (153, 1), (155, 1), (156, 5), (161, 1), (168, 1), (170, 2), (172, 1), (176, 4), (177, 1), (179, 1), (180, 1), (184, 1), (187, 1), (188, 1), (189, 1), (190, 1), (191, 1), (192, 2), (194, 1), (196, 3), (197, 1), (198, 1)]
along,[(0, 1), (5, 1), (18, 1), (27, 1), (29, 1), (30, 1), (32, 2), (34, 2), (41, 2), (42, 1), (47, 1), (50, 1), (55, 1), (58, 1), (59, 1), (62, 2), (70, 1), (77, 2), (78, 1), (81, 1), (86, 1), (91, 1), (94, 1), (96, 1), (102, 1), (119, 1), (123, 1), (129, 1), (137, 2), (139, 1), (141, 1), (143, 1), (152, 1), (157, 1), (161, 2), (162, 1), (168, 1), (174, 2), (177, 1), (189, 1), (190, 1), (194, 1), (196, 3)]
hot,[(0, 1), (3, 1), (4, 1), (10, 1), (16, 1), (21, 1), (47, 1), (52, 1), (59, 2), (97, 1), (102, 1), (107, 1), (115, 1), (116, 1), (123, 1), (127, 1), (131, 1), (141, 1), (193, 1), (199, 1)]
steamed,[(0, 1), (5, 1), (11, 1), (21, 1), (31, 1), (34, 1), (50, 1), (59, 1), (61, 1), (80, 1), (90, 1), (91, 1), (97, 1), (102, 1), (119, 1), (121, 1), (127, 1), (139, 1), (153, 1), (162, 1), (177, 1), (193, 1), (196, 2), (199, 1)]
rice,[(0, 1), (3, 2), (4, 1), (5, 1), (7, 1), (10, 1), (11, 1), (21, 1), (27, 1), (28, 1), (30, 1), (31, 1), (32, 1), (33, 1), (34, 2), (38, 1), (50, 2), (52, 1), (59, 2), (61, 2), (76, 1), (79, 3), (80, 1), (84, 1), (90, 1), (91, 1), (92, 2), (97, 1), (100, 1), (102, 1), (106, 1), (112, 1), (114, 1), (119, 1), (121, 1), (123, 1), (124, 1), (127, 1), (128, 1), (137, 1), (139, 1), (141, 1), (149, 1), (152, 1), (156, 3), (162, 1), (170, 1), (171, 1), (174, 2), (176, 1), (193, 1), (195, 1), (196, 2), (199, 1)]
ghee,[(0, 1), (11, 1), (54, 1), (59, 1), (69, 1), (102, 1), (141, 2), (160, 1), (188, 1)]
first,[(0, 1), (42, 1)]
course,[(0, 1), (78, 1), (105, 1), (126, 1), (182, 1), (188, 1)]
during,[(0, 1), (55, 1), (67, 1), (104, 2), (125, 1), (148, 1), (171, 1), (174, 1), (193, 1), (199, 1)]
south,[(0, 1), (4, 1), (21, 2), (22, 1), (27, 2), (46, 3), (59, 1), (64, 1), (76, 3), (85, 1), (102, 1), (110, 2), (130, 1), (132, 1), (143, 1), (162, 1), (184, 1), (196, 1)]
indian,[(0, 1), (15, 2), (16, 1), (17, 1), (21, 1), (22, 1), (24, 1), (25, 1), (26, 1), (27, 2), (32, 1), (37, 2), (41, 1), (46, 2), (47, 1), (59, 1), (64, 1), (68, 2), (70, 1), (76, 3), (81, 1), (102, 1), (105, 1), (115, 1), (128, 1), (129, 3), (130, 1), (131, 1), (132, 1), (143, 1), (162, 1), (170, 1), (182, 1), (184, 1), (188, 1), (196, 1), (198, 2)]
lunch,[(0, 1), (3, 1), (31, 1), (32, 1), (33, 1), (34, 1), (41, 2), (50, 1), (52, 1), (59, 1), (72, 1), (81, 2), (83, 1), (112, 1), (128, 2), (141, 1), (151, 1), (161, 1), (184, 1), (191, 2), (196, 1)]
dinner,[(0, 1), (8, 1), (16, 1), (18, 1), (31, 1), (32, 1), (33, 1), (34, 1), (41, 1), (59, 1), (62, 1), (112, 1), (119, 1), (124, 1), (139, 1), (141, 1), (151, 1), (161, 1), (162, 1), (184, 1), (186, 1), (189, 1), (191, 1), (196, 1)]
you,[(1, 2), (8, 1), (13, 1), (18, 1), (27, 1), (28, 2), (47, 1), (65, 3), (72, 2), (79, 2), (81, 2), (91, 1), (92, 1), (94, 1), (97, 1), (100, 1), (112, 1), (114, 1), (116, 1), (120, 1), (121, 2), (124, 2), (129, 2), (142, 1), (144, 1), (149, 1), (151, 1), (156, 1), (160, 1), (162, 1), (163, 1), (168, 2), (172, 1), (176, 1), (184, 1), (189, 1), (191, 1), (194, 1), (196, 1), (197, 1)]
ever,[(1, 1), (121, 1)]
tried,[(1, 1), (18, 1)]
out,[(1, 1), (16, 1), (19, 1), (50, 1), (62, 1), (82, 1), (103, 1), (125, 1), (141, 1), (161, 1), (171, 1), (187, 1)]
fish,[(1, 2), (18, 2), (21, 4), (43, 2), (74, 1), (123, 1), (138, 4)]
tandoori,[(1, 3), (85, 2)]
trust,[(1, 1), (16, 1)]
me,[(1, 1), (16, 1), (156, 1)]
equally,[(1, 1)]
delicious,[(1, 1), (5, 2), (12, 1), (16, 1), (22, 1), (23, 1), (24, 1), (28, 1), (33, 1), (37, 1), (41, 1), (44, 1), (54, 1), (57, 1), (58, 1), (66, 1), (69, 2), (70, 1), (71, 1), (72, 1), (77, 1), (83, 1), (85, 1), (86, 1), (88, 1), (89, 1), (99, 1), (100, 1), (101, 1), (105, 1), (106, 1), (107, 1), (117, 1), (121, 1), (123, 1), (126, 1), (131, 2), (134, 1), (135, 1), (141, 1), (144, 1), (155, 1), (156, 1), (164, 1), (169, 1), (176, 2), (177, 1), (179, 2), (182, 1), (197, 1)]
chicken,[(1, 1), (4, 3), (7, 3), (23, 1), (38, 2), (47, 3), (64, 1), (66, 2), (69, 2), (94, 2), (109, 1), (110, 7), (128, 1), (142, 5), (146, 1), (183, 1)]
normally,[(1, 3)]
prepared,[(1, 1), (3, 1), (26, 1), (27, 1), (30, 1), (36, 1), (45, 1), (50, 1), (51, 1), (58, 1), (72, 1), (118, 1), (125, 1), (126, 1), (128, 2), (141, 1), (143, 1), (156, 1), (158, 1), (174, 2), (197, 1)]
tandoor,[(1, 1)]
oven,[(1, 2), (47, 1)]
but,[(1, 1), (18, 2), (21, 1), (24, 1), (37, 1), (38, 1), (48, 1), (49, 1), (57, 1), (59, 1), (63, 1), (78, 2), (85, 1), (88, 1), (105, 1), (106, 2), (107, 1), (115, 1), (121, 2), (123, 1), (125, 1), (140, 1), (156, 1), (163, 1), (164, 4), (170, 1), (174, 2), (176, 1), (185, 1), (192, 1), (193, 1), (199, 1)]
i,[(1, 2), (13, 1), (16, 1), (115, 3), (123, 1), (126, 1), (142, 2), (144, 1), (151, 2), (156, 2), (164, 1), (170, 1), (172, 1)]
prepare,[(1, 1), (3, 1), (10, 1), (12, 1), (67, 1), (80, 1), (102, 1), (124, 2), (128, 1), (136, 1), (150, 1), (177, 1), (186, 1), (194, 1), (196, 1)]
my,[(1, 1), (10, 1), (115, 1), (156, 2)]
convection,[(1, 1)]
choice,[(1, 1), (34, 1), (50, 1), (55, 1), (83, 1), (155, 1), (163, 1)]
completely,[(1, 1)]
upto,[(1, 1)]
same,[(1, 1), (94, 1), (107, 1), (114, 1), (118, 1), (128, 1), (191, 1)]
can,[(1, 1), (3, 2), (8, 2), (27, 3), (29, 1), (37, 1), (40, 1), (50, 1), (52, 1), (65, 2), (72, 1), (79, 1), (81, 1), (83, 1), (91, 1), (93, 1), (94, 1), (98, 1), (100, 2), (102, 1), (108, 1), (110, 2), (112, 1), (114, 1), (116, 1), (121, 2), (123, 1), (124, 3), (128, 1), (136, 1), (140, 1), (142, 1), (144, 2), (149, 1), (151, 2), (156, 1), (162, 1), (163, 1), (164, 2), (168, 2), (170, 2), (186, 1), (194, 1), (197, 2), (199, 1)]
be,[(1, 1), (3, 2), (8, 2), (21, 1), (27, 2), (29, 1), (34, 1), (36, 1), (37, 1), (40, 1), (50, 2), (51, 1), (52, 1), (59, 1), (72, 1), (80, 1), (83, 2), (93, 1), (98, 1), (100, 1), (102, 1), (106, 1), (108, 1), (114, 2), (123, 1), (124, 1), (136, 1), (140, 1), (144, 1), (149, 1), (151, 2), (156, 1), (164, 2), (167, 1), (168, 1), (170, 2), (186, 1), (197, 2), (199, 1)]
used,[(1, 1), (9, 1), (19, 1), (27, 1), (40, 1), (46, 1), (50, 1), (53, 1), (67, 1), (70, 1), (78, 1), (80, 1), (82, 1), (90, 1), (96, 1), (110, 2), (115, 2), (121, 2), (123, 4), (126, 2), (136, 2), (140, 2), (147, 1), (149, 1), (156, 2), (164, 1), (184, 1), (196, 1), (199, 1)]
for,[(1, 2), (3, 1), (8, 1), (9, 1), (18, 1), (20, 1), (21, 2), (24, 1), (27, 1), (29, 1), (31, 3), (32, 1), (33, 1), (34, 1), (36, 3), (37, 1), (41, 3), (58, 2), (59, 1), (62, 1), (65, 4), (72, 2), (77, 1), (80, 2), (81, 4), (82, 2), (83, 1), (85, 1), (86, 1), (90, 2), (91, 1), (92, 2), (96, 1), (100, 1), (102, 1), (105, 2), (106, 2), (108, 1), (110, 1), (112, 1), (114, 2), (115, 1), (119, 1), (120, 1), (121, 2), (124, 1), (126, 1), (127, 2), (128, 1), (139, 1), (140, 1), (141, 1), (151, 1), (155, 1), (160, 1), (161, 1), (162, 1), (163, 1), (164, 1), (167, 1), (170, 2), (172, 1), (178, 1), (182, 1), (184, 1), (186, 1), (189, 2), (191, 3), (196, 5), (197, 1)]
fillets,[(1, 1)]
too,[(1, 1), (27, 1), (41, 1), (65, 1), (80, 1), (81, 1), (85, 1), (121, 1), (142, 1), (144, 2), (164, 1), (179, 1)]
use,[(1, 1), (37, 1), (48, 1), (50, 1), (68, 1), (75, 1), (82, 1), (88, 1), (103, 1), (110, 2), (120, 1), (121, 1), (138, 1), (150, 1), (177, 1), (185, 1)]
pompano,[(1, 1)]
kingfish,[(1, 1)]
arbi,[(2, 1), (44, 1), (76, 1), (100, 3)]
shimla,[(2, 1)]
mirch,[(2, 1), (86, 1)]
sabzi,[(2, 2), (44, 2), (61, 2), (65, 1), (86, 1), (89, 1), (91, 1), (113, 2), (116, 2), (119, 1), (122, 1), (124, 2), (125, 1), (144, 4), (161, 2), (166, 1), (182, 1), (184, 1), (189, 1), (190, 1)]
variation,[(2, 1), (16, 1), (25, 1), (63, 1), (163, 1), (170, 1)]
aloo,[(2, 1), (37, 1), (41, 1), (42, 1), (83, 2), (119, 1), (131, 1), (144, 2), (154, 1), (193, 1)]
capsicum,[(2, 1), (49, 1)]
dry,[(2, 1), (9, 1), (42, 1), (44, 1), (75, 2), (84, 1), (91, 1), (106, 1), (121, 2), (157, 1), (166, 1), (185, 1)]
that,[(2, 1), (4, 1), (5, 1), (6, 1), (7, 2), (9, 1), (11, 1), (13, 1), (15, 1), (16, 2), (17, 1), (21, 1), (27, 1), (29, 1), (30, 1), (37, 3), (39, 2), (40, 1), (46, 1), (47, 1), (48, 1), (50, 1), (52, 1), (53, 1), (54, 2), (55, 3), (56, 1), (58, 1), (66, 1), (68, 1), (72, 1), (81, 1), (86, 1), (89, 1), (92, 2), (93, 1), (96, 2), (97, 1), (98, 2), (102, 1), (109, 1), (110, 2), (112, 1), (115, 1), (121, 1), (123, 1), (124, 1), (126, 1), (129, 1), (130, 1), (134, 1), (136, 1), (140, 2), (141, 2), (143, 1), (149, 1), (152, 1), (154, 1), (156, 2), (160, 2), (161, 1), (162, 1), (163, 1), (164, 1), (171, 1), (173, 1), (174, 2), (175, 1), (176, 1), (181, 1), (184, 2), (186, 1), (189, 1), (195, 1), (199, 1)]
often,[(2, 1), (15, 1), (82, 1), (156, 1), (197, 1)]
at,[(2, 1), (8, 1), (41, 1), (49, 1), (58, 1), (107, 1), (108, 1), (123, 1), (126, 1), (129, 1), (144, 1), (151, 1), (152, 1), (156, 2), (161, 1), (178, 1), (191, 1)]
our,[(2, 1), (49, 1), (122, 1), (147, 2), (197, 1)]
households,[(2, 1), (33, 1), (63, 1), (91, 1), (139, 1), (171, 1)]
cabbage,[(3, 2), (10, 2)]
carrot,[(3, 2), (127, 1), (143, 1)]
thoran,[(3, 3), (132, 1)]
simple,[(3, 2), (8, 1), (9, 1), (12, 1), (14, 1), (29, 1), (30, 1), (33, 1), (34, 1), (35, 1), (48, 1), (50, 2), (55, 1), (56, 2), (57, 1), (62, 1), (76, 1), (77, 1), (78, 1), (81, 1), (86, 1), (103, 1), (107, 1), (119, 1), (122, 1), (123, 1), (124, 1), (125, 1), (134, 1), (139, 1), (143, 2), (150, 1), (156, 1), (159, 1), (161, 1), (166, 1), (167, 1), (172, 1), (190, 1), (194, 1)]
kerala,[(3, 1), (15, 1), (21, 1), (33, 2), (38, 2), (55, 3), (73, 1), (74, 1), (128, 1), (132, 1), (167, 1)]
cuisine,[(3, 1), (7, 1), (21, 1), (23, 1), (35, 1), (46, 1), (50, 1), (51, 1), (73, 1), (75, 1), (96, 1), (107, 2), (110, 3), (123, 1), (128, 1), (137, 1), (147, 1), (154, 1), (178, 1), (190, 1), (194, 1), (198, 1)]
preparation,[(3, 1), (59, 1), (80, 1), (110, 1), (121, 2), (151, 1), (160, 1)]
commonly,[(3, 1), (70, 1)]
done,[(3, 1), (83, 1), (124, 1), (161, 1), (170, 1), (186, 1)]
all,[(3, 1), (13, 1), (15, 1), (18, 1), (29, 1), (36, 1), (47, 2), (89, 1), (95, 1), (110, 1), (111, 1), (114, 1), (116, 1), (147, 1), (153, 1), (156, 1), (161, 1), (163, 1), (165, 1), (183, 1), (187, 1), (198, 1)]
houses,[(3, 1)]
served,[(3, 1), (5, 1), (8, 1), (24, 1), (29, 1), (46, 1), (52, 1), (55, 1), (58, 1), (68, 1), (80, 1), (82, 1), (83, 1), (86, 1), (100, 1), (104, 1), (108, 2), (123, 2), (128, 2), (131, 1), (151, 1), (162, 1), (164, 1), (168, 1), (170, 2), (176, 1), (193, 1), (199, 4)]
an,[(3, 1), (5, 1), (7, 1), (17, 1), (26, 1), (27, 1), (38, 1), (39, 1), (41, 1), (46, 2), (61, 1), (64, 1), (67, 1), (73, 1), (80, 1), (83, 2), (92, 1), (93, 1), (99, 1), (116, 1), (117, 1), (120, 2), (124, 1), (128, 1), (133, 1), (138, 1), (141, 1), (151, 1), (160, 1), (165, 1), (170, 1), (180, 1), (184, 1), (193, 1)]
accompaniment,[(3, 1), (31, 1), (58, 1), (84, 1), (90, 1), (106, 1), (108, 1)]
are,[(3, 1), (11, 1), (18, 2), (31, 1), (35, 1), (37, 1), (38, 1), (39, 1), (42, 1), (46, 1), (47, 1), (49, 2), (50, 2), (54, 1), (61, 1), (62, 1), (66, 1), (67, 1), (72, 1), (74, 1), (78, 1), (96, 1), (97, 1), (104, 2), (110, 1), (114, 2), (117, 1), (119, 1), (122, 2), (123, 3), (127, 2), (131, 3), (135, 2), (138, 1), (142, 2), (144, 1), (149, 1), (162, 1), (163, 1), (164, 5), (167, 1), (168, 3), (170, 1), (171, 1), (177, 4), (178, 1), (180, 1), (184, 2), (190, 1), (196, 1), (197, 1), (199, 1)]
grated,[(3, 2), (14, 1), (29, 1), (129, 1)]
finely,[(3, 1)]
mixed,[(3, 1), (6, 2), (10, 1), (12, 2), (27, 1), (47, 1), (65, 1), (99, 1), (114, 3), (118, 1), (145, 1), (148, 2), (149, 1), (150, 1), (158, 1), (192, 1), (196, 1)]
cooked,[(3, 1), (9, 1), (10, 1), (12, 1), (22, 1), (24, 1), (25, 1), (35, 1), (42, 1), (46, 1), (50, 2), (52, 1), (53, 1), (66, 1), (67, 1), (68, 1), (74, 1), (75, 1), (82, 1), (84, 1), (89, 1), (91, 1), (96, 1), (99, 1), (119, 2), (124, 1), (129, 1), (133, 1), (136, 1), (137, 1), (138, 1), (140, 1), (152, 1), (156, 1), (160, 2), (170, 2), (179, 1), (196, 2)]
medium,[(3, 1), (193, 1)]
flame,[(3, 1)]
without,[(3, 1), (16, 1), (27, 1), (37, 1), (68, 1), (72, 1), (80, 1), (118, 1), (128, 1), (144, 2), (150, 1), (176, 1)]
addition,[(3, 1), (6, 1), (50, 1), (62, 1), (63, 1), (69, 1), (70, 1), (71, 1), (80, 1), (101, 1), (103, 1), (134, 1), (154, 1), (161, 1), (167, 1), (179, 1), (180, 1), (189, 2)]
water,[(3, 1), (50, 1), (114, 1), (123, 1)]
generously,[(3, 1)]
added,[(3, 1), (38, 1), (54, 1), (66, 1), (91, 1), (93, 1), (94, 1), (123, 1), (127, 1), (135, 1), (153, 1), (180, 1)]
easily,[(3, 1), (49, 1)]
few,[(3, 1), (12, 1), (23, 1), (50, 1), (123, 1)]
minutes,[(3, 1), (124, 1), (156, 1), (186, 1)]
packed,[(3, 1), (6, 1), (35, 1), (36, 2), (47, 1), (80, 1), (85, 1), (115, 1), (155, 1), (164, 1), (173, 1), (175, 1), (179, 1)]
part,[(3, 1), (39, 1), (41, 1), (46, 1), (73, 1), (96, 1), (177, 1), (184, 1), (193, 1)]
than,[(3, 1), (110, 1), (156, 1)]
usual,[(3, 1), (17, 1), (196, 1)]
poriyal,[(3, 1), (50, 1), (148, 1), (162, 2)]
boiled,[(3, 1), (42, 1), (44, 1), (55, 1), (151, 1), (166, 2), (169, 1)]
cheriya,[(3, 1)]
ulli,[(3, 1)]
sambar,[(3, 1), (14, 1), (34, 1), (72, 2), (90, 2), (117, 1), (145, 1), (162, 1)]
fried,[(3, 1), (4, 1), (18, 1), (42, 1), (44, 1), (57, 1), (62, 1), (80, 1), (120, 2), (123, 1), (142, 7), (160, 1), (168, 1), (170, 1), (179, 1), (182, 1)]
papad,[(3, 1), (119, 1), (139, 1), (196, 1)]
sholay,[(4, 1)]
kebab,[(4, 2)]
finger,[(4, 1), (63, 1), (87, 1)]
licking,[(4, 1), (87, 1)]
boneless,[(4, 1)]
india,[(4, 1), (18, 1), (21, 1), (46, 1), (47, 1), (67, 1), (85, 1), (110, 3), (111, 1), (127, 1), (138, 1), (147, 1), (178, 2), (181, 1), (184, 1), (192, 1)]
coated,[(4, 1)]
spicy,[(4, 1), (5, 1), (6, 1), (10, 1), (21, 1), (26, 2), (31, 1), (33, 1), (39, 1), (40, 1), (41, 1), (50, 1), (52, 1), (53, 1), (58, 2), (61, 2), (71, 1), (75, 1), (84, 1), (85, 1), (96, 3), (106, 1), (107, 2), (112, 1), (115, 1), (127, 3), (136, 1), (156, 1), (164, 1), (181, 1), (193, 2), (194, 1), (196, 1), (199, 1)]
purpose,[(4, 1), (15, 1)]
flour,[(4, 3), (15, 1), (18, 1), (29, 1), (57, 1), (60, 1), (61, 1), (82, 1), (83, 1), (114, 1), (120, 2), (129, 1), (134, 1), (175, 1), (189, 1)]
gram,[(4, 1), (18, 1), (80, 1), (93, 1), (134, 1), (157, 1), (176, 1), (182, 2)]
batter,[(4, 1), (18, 1), (195, 1)]
flavored,[(4, 1), (32, 1), (55, 1), (158, 1), (175, 1)]
some,[(4, 1), (11, 1), (29, 1), (34, 1), (42, 1), (47, 2), (70, 1), (86, 1), (97, 1), (129, 2), (168, 1), (176, 1)]
then,[(4, 1), (28, 1), (42, 1), (47, 1), (65, 1), (66, 1), (69, 1), (78, 1), (105, 1), (135, 1), (157, 1), (177, 1)]
deep,[(4, 1), (120, 2), (182, 1)]
oil,[(4, 1), (12, 1), (34, 1), (72, 1), (80, 1), (89, 1), (103, 1), (106, 1), (161, 1), (167, 1), (179, 1), (182, 1), (191, 1)]
dim,[(5, 1)]
posto,[(5, 1), (154, 1)]
bengali,[(5, 1), (88, 1), (92, 1), (95, 2), (138, 1), (154, 2), (179, 2)]
style,[(5, 1), (8, 1), (9, 1), (12, 1), (14, 1), (19, 1), (20, 1), (25, 1), (26, 2), (31, 2), (41, 1), (46, 2), (48, 2), (50, 1), (53, 1), (55, 1), (58, 1), (63, 1), (65, 1), (72, 1), (75, 1), (76, 2), (78, 1), (80, 1), (85, 2), (87, 1), (88, 1), (90, 1), (92, 1), (94, 1), (95, 1), (96, 1), (98, 1), (102, 2), (109, 1), (110, 2), (117, 1), (118, 1), (119, 1), (132, 1), (135, 1), (140, 1), (157, 1), (158, 1), (166, 1), (171, 2), (174, 1), (177, 2), (179, 1), (190, 1), (196, 5)]
egg,[(5, 1), (24, 1), (70, 1), (128, 1), (163, 1), (193, 1), (197, 2)]
poppy,[(5, 1), (17, 1), (154, 2), (170, 2)]
seed,[(5, 1), (170, 1)]
masala,[(5, 1), (8, 1), (14, 1), (22, 2), (32, 1), (35, 1), (44, 1), (47, 4), (62, 1), (64, 1), (67, 1), (69, 1), (71, 1), (75, 1), (86, 1), (90, 1), (96, 1), (99, 2), (106, 1), (116, 1), (117, 1), (126, 1), (127, 2), (129, 2), (131, 1), (132, 2), (140, 2), (145, 1), (146, 1), (152, 1), (153, 1), (161, 3), (169, 1), (172, 1), (198, 2)]
simmered,[(5, 1), (28, 1), (39, 1), (61, 1), (77, 1), (118, 1), (154, 1), (158, 1)]
easy,[(5, 1), (10, 1), (12, 1), (33, 1), (65, 2), (80, 1), (83, 1), (86, 1), (97, 1), (102, 1), (110, 1), (124, 1), (131, 1), (143, 1), (150, 1), (151, 1), (156, 1), (168, 1), (191, 1), (194, 1)]
make,[(5, 1), (11, 1), (12, 1), (18, 1), (33, 1), (50, 2), (55, 1), (65, 2), (66, 2), (69, 1), (72, 2), (77, 2), (78, 1), (85, 1), (88, 1), (98, 1), (100, 1), (102, 1), (107, 1), (120, 1), (131, 1), (141, 2), (143, 1), (153, 1), (156, 3), (157, 1), (161, 1), (164, 1), (168, 1), (170, 2), (172, 1), (177, 1), (189, 1), (190, 1), (191, 1), (194, 1)]
dish,[(5, 1), (6, 1), (12, 2), (16, 1), (18, 1), (20, 1), (21, 2), (24, 2), (25, 1), (28, 2), (31, 2), (32, 1), (34, 1), (35, 2), (36, 3), (37, 1), (40, 1), (41, 1), (42, 1), (44, 1), (50, 1), (52, 1), (55, 2), (58, 3), (61, 1), (65, 1), (67, 1), (68, 1), (73, 1), (74, 2), (79, 1), (80, 4), (85, 2), (86, 2), (90, 1), (91, 3), (93, 1), (94, 1), (95, 1), (97, 2), (98, 2), (99, 1), (100, 1), (102, 1), (103, 1), (106, 1), (108, 2), (110, 1), (111, 2), (114, 1), (116, 1), (118, 2), (123, 1), (125, 2), (128, 1), (131, 1), (134, 1), (137, 1), (140, 1), (141, 1), (143, 1), (149, 3), (150, 1), (154, 2), (158, 1), (161, 1), (162, 1), (167, 1), (168, 1), (169, 1), (170, 1), (176, 5), (180, 1), (181, 1), (183, 1), (184, 1), (186, 1), (188, 1), (189, 1), (190, 1), (191, 1), (196, 1), (198, 2), (199, 1)]
usually,[(5, 1), (20, 1), (37, 1), (47, 1), (50, 1), (63, 1), (78, 1), (83, 1), (94, 1), (104, 2), (110, 1), (113, 1), (123, 2), (125, 1), (135, 1), (143, 1), (163, 1), (164, 2), (174, 1), (176, 1), (193, 1)]
hyderabadi,[(6, 1), (108, 3), (121, 2), (141, 1)]
shahi,[(6, 2)]
rich,[(6, 1), (9, 1), (31, 1), (48, 1), (66, 1), (75, 2), (81, 1), (95, 1), (98, 1), (100, 1), (104, 1), (118, 1), (141, 1), (144, 1), (147, 1), (150, 1), (165, 2), (169, 2), (174, 1), (177, 1), (179, 1), (199, 1)]
gravy,[(6, 1), (11, 2), (15, 1), (18, 1), (22, 1), (26, 1), (31, 1), (39, 1), (41, 1), (44, 1), (45, 1), (52, 1), (53, 1), (58, 1), (67, 1), (75, 2), (77, 2), (78, 1), (91, 1), (93, 1), (96, 1), (98, 2), (106, 1), (118, 1), (127, 1), (138, 2), (140, 2), (141, 1), (149, 1), (158, 3), (169, 2), (170, 2), (174, 1), (176, 1), (194, 2), (198, 1)]
creamy,[(6, 1), (12, 1), (52, 1), (61, 1), (68, 1), (112, 1), (119, 3), (169, 2), (198, 1)]
texture,[(6, 1), (44, 1), (46, 1), (52, 1), (85, 1), (119, 1), (154, 1), (169, 1)]
lots,[(6, 1), (12, 1), (55, 1), (65, 1), (104, 1), (160, 1)]
vegetables,[(6, 1), (11, 2), (12, 2), (24, 1), (40, 1), (49, 1), (55, 3), (56, 1), (62, 1), (65, 1), (72, 1), (74, 2), (114, 2), (118, 1), (140, 1), (145, 1), (148, 1), (150, 1), (158, 2), (162, 1), (163, 1), (179, 1), (196, 1)]
taste,[(6, 1), (21, 1), (32, 1), (33, 1), (52, 1), (54, 1), (57, 1), (66, 1), (86, 1), (105, 2), (106, 1), (120, 2), (150, 1), (154, 1), (178, 1)]
flavors,[(6, 2), (32, 1), (46, 2), (62, 1), (78, 1), (85, 1), (103, 2), (125, 1), (142, 1), (167, 1)]
almond,[(6, 1)]
paste,[(6, 1), (9, 1), (52, 1), (78, 1), (96, 1), (128, 1), (135, 1), (141, 1), (169, 1), (170, 2), (196, 1)]
into,[(6, 1), (16, 1), (66, 1), (69, 1), (78, 1), (81, 1), (82, 1), (96, 1), (100, 1), (108, 1), (118, 1), (129, 1), (161, 1), (182, 1)]
adds,[(6, 1), (80, 1), (90, 1), (120, 1), (141, 1)]
great,[(6, 1), (10, 1), (15, 1), (21, 1), (27, 1), (31, 1), (51, 1), (54, 1), (84, 1), (93, 1), (108, 1), (122, 2), (186, 1)]
richness,[(6, 1), (17, 1), (178, 1)]
kashmiri,[(7, 3), (51, 1), (185, 1)]
kokur,[(7, 1)]
t,[(7, 1), (13, 1), (126, 1), (197, 1)]
nadir,[(7, 1)]
authentic,[(7, 1), (9, 1), (17, 1), (24, 1), (38, 1), (39, 1), (46, 1), (61, 1), (63, 1), (67, 1), (82, 1), (128, 1), (133, 1), (138, 1), (185, 1)]
lotus,[(7, 2)]
stem,[(7, 2), (26, 5), (37, 2)]
belongs,[(7, 1)]
s,[(7, 1), (10, 1), (11, 1), (12, 1), (13, 1), (21, 2), (23, 1), (31, 1), (50, 1), (89, 1), (97, 1), (100, 1), (113, 2), (121, 1), (131, 1), (135, 1), (144, 1), (183, 1)]
kind,[(7, 1), (145, 1), (147, 1)]
yakhni,[(7, 1)]
nadru,[(7, 1)]
ideally,[(7, 1)]
enjoyed,[(7, 1), (27, 1)]
roti,[(7, 1), (31, 1), (84, 1), (97, 1), (106, 1), (112, 1), (114, 3), (119, 1), (128, 2), (175, 2)]
aromatic,[(7, 1), (14, 1), (50, 1), (68, 1), (99, 1), (110, 2), (141, 1), (160, 1)]
full,[(7, 1), (33, 1), (164, 1), (186, 1)]
punjabi,[(8, 1), (16, 2), (18, 1), (161, 1), (181, 1)]
lobia,[(8, 1)]
quick,[(8, 1), (19, 1), (55, 2), (59, 1), (62, 1), (66, 1), (77, 1), (191, 3)]
jiffy,[(8, 1)]
weekdays,[(8, 1)]
tasty,[(8, 1), (61, 1), (130, 1), (151, 1), (190, 1), (192, 1)]
high,[(8, 1), (69, 1), (104, 1), (118, 1), (167, 2)]
protein,[(8, 1), (36, 1), (48, 2), (68, 1), (69, 1), (82, 1), (104, 1), (118, 1), (155, 1), (164, 1), (167, 1), (179, 1)]
even,[(8, 1), (34, 1), (41, 1), (50, 1), (74, 1), (77, 1), (81, 1), (85, 1), (88, 1), (100, 1), (102, 1), (106, 1), (121, 1), (126, 1), (128, 1), (147, 1), (161, 1), (164, 1), (189, 1)]
guests,[(8, 1), (151, 1), (168, 1), (172, 1)]
your,[(8, 1), (12, 1), (13, 1), (16, 1), (18, 1), (37, 1), (50, 1), (55, 1), (65, 2), (68, 1), (72, 1), (79, 1), (81, 3), (83, 1), (141, 1), (161, 1), (163, 1), (168, 1), (172, 3), (184, 1), (196, 1)]
home,[(8, 1), (126, 1), (127, 1), (144, 1), (151, 1), (152, 1), (156, 2)]
sudden,[(8, 1)]
konkani,[(9, 2), (23, 1), (190, 2)]
vali,[(9, 2)]
bendi,[(9, 1)]
malabar,[(9, 2)]
spinach,[(9, 4), (11, 1), (36, 2), (90, 1), (91, 1), (115, 1), (147, 2)]
other,[(9, 1), (29, 1), (40, 1), (51, 1), (67, 1), (78, 1), (93, 1), (127, 1), (156, 1), (179, 1), (184, 1), (185, 1), (199, 1)]
words,[(9, 1)]
called,[(9, 1), (28, 1), (41, 1), (63, 1), (88, 1), (138, 1), (187, 1)]
vine,[(9, 1)]
ground,[(9, 1), (24, 1), (35, 1), (39, 1), (59, 1), (71, 1), (75, 2), (78, 1), (90, 1), (96, 1), (118, 1), (128, 1), (132, 1), (133, 1), (135, 1), (145, 1), (157, 1), (177, 1), (182, 1), (199, 1)]
fresh,[(9, 1), (42, 1), (43, 1), (54, 1), (62, 2), (71, 1), (73, 1), (90, 1), (118, 1), (120, 3), (133, 1), (134, 1), (141, 1), (155, 1), (162, 1), (179, 1), (190, 1)]
red,[(9, 1), (23, 1), (36, 1), (71, 2), (121, 2), (140, 1), (157, 1), (185, 2), (191, 3), (193, 1)]
chilies,[(9, 1), (121, 1), (154, 1), (189, 1)]
tamarind,[(9, 1), (17, 1), (27, 1), (52, 2), (121, 2), (133, 1), (149, 2), (157, 1), (174, 1)]
refers,[(9, 1), (98, 1), (167, 1), (180, 1)]
leaf,[(9, 1), (32, 1), (54, 1), (153, 1)]
nutrients,[(9, 1), (31, 1), (36, 1), (49, 1), (186, 1), (191, 1)]
cholesterol,[(9, 1), (53, 1), (95, 1)]
highly,[(9, 1), (144, 1)]
fibrous,[(9, 1), (26, 1), (59, 1), (116, 1)]
buttermilk,[(10, 3), (59, 1), (135, 1)]
one,[(10, 1), (11, 1), (12, 1), (13, 1), (28, 1), (30, 1), (37, 1), (50, 1), (73, 1), (81, 1), (82, 1), (83, 1), (94, 1), (97, 1), (98, 1), (110, 4), (113, 1), (127, 1), (128, 1), (142, 1), (149, 1), (151, 1), (156, 2), (185, 1), (197, 2), (198, 1)]
mother,[(10, 1)]
creation,[(10, 1)]
adapted,[(10, 1)]
gujarati,[(10, 1), (107, 1), (119, 3)]
kadi,[(10, 1)]
seasoned,[(10, 1), (83, 1), (101, 1)]
shredded,[(10, 1)]
healthy,[(10, 1), (15, 1), (29, 1), (31, 1), (36, 1), (37, 1), (55, 1), (68, 1), (82, 1), (83, 2), (89, 1), (97, 1), (117, 1), (122, 1), (124, 1), (130, 1), (155, 1), (162, 2), (164, 2), (175, 1)]
had,[(10, 1), (20, 1), (34, 1), (37, 1), (59, 1), (149, 1)]
chapati,[(10, 1), (80, 1), (115, 1)]
phulka,[(10, 1), (86, 1)]
plain,[(10, 1), (21, 1), (34, 1), (77, 1), (164, 2), (193, 1)]
mulakootal,[(11, 5)]
old,[(11, 1), (78, 1)]
traditional,[(11, 1), (25, 1), (27, 1), (28, 1), (59, 1), (67, 1), (74, 1), (78, 2), (80, 1), (90, 1), (145, 1), (170, 1), (174, 1), (176, 1), (181, 1), (183, 1), (199, 1)]
palakkad,[(11, 1)]
brahmin,[(11, 1), (118, 1)]
combination,[(11, 1), (35, 1), (51, 1), (55, 2), (56, 1), (57, 1), (79, 1), (98, 1), (131, 1), (185, 1), (197, 1)]
lentils,[(11, 2), (56, 1), (68, 1), (97, 1), (113, 1), (119, 4), (121, 1), (170, 1), (184, 1)]
mildly,[(11, 1), (14, 1), (16, 1), (33, 1), (34, 1), (61, 1), (74, 1), (97, 1), (139, 1), (150, 1)]
spiced,[(11, 1), (34, 1), (40, 1), (47, 1), (55, 1), (74, 1), (76, 1), (77, 2), (82, 1), (89, 1), (97, 1), (108, 1), (115, 1), (129, 1), (134, 1), (139, 1), (150, 1)]
goes,[(11, 1), (21, 1), (112, 1), (151, 1), (174, 1), (196, 1)]
well,[(11, 1), (19, 1), (58, 1), (69, 1), (90, 1), (96, 1), (112, 1), (115, 1), (124, 2), (151, 1), (156, 1), (170, 1), (173, 1), (186, 1)]
there,[(11, 3), (13, 1), (50, 1)]
variations,[(11, 1)]
basically,[(11, 1), (12, 1), (85, 1)]
depending,[(11, 1)]
type,[(11, 1), (16, 1), (38, 1)]
uses,[(11, 2), (34, 1), (50, 1), (78, 1), (112, 1), (170, 1)]
cooking,[(11, 1), (19, 1), (30, 1), (45, 1), (46, 2), (69, 1), (88, 1), (141, 1), (178, 1)]
keerai,[(11, 1), (50, 3), (130, 1)]
pumpkin,[(11, 2), (41, 1), (61, 2), (66, 2), (78, 1), (81, 3), (89, 1), (158, 1), (161, 3), (179, 1)]
using,[(11, 1), (38, 1), (42, 1), (50, 1), (67, 1), (74, 1), (83, 1), (90, 1), (104, 1), (119, 1), (120, 1), (145, 1), (148, 1), (164, 2), (168, 1), (176, 2), (177, 1), (199, 1)]
different,[(11, 1), (15, 2), (17, 1), (18, 1), (23, 1), (57, 2), (68, 1), (96, 1), (114, 1), (119, 1), (147, 1), (172, 1), (197, 1)]
types,[(11, 1), (68, 1)]
comes,[(11, 1), (13, 1), (102, 1)]
close,[(11, 1)]
kootu,[(11, 1), (196, 2)]
we,[(11, 1), (18, 1), (24, 1), (36, 1), (37, 1), (38, 1), (47, 1), (50, 1), (63, 1), (65, 1), (90, 1), (91, 1), (96, 1), (97, 1), (121, 1), (147, 1), (156, 1), (163, 1), (176, 1), (197, 2)]
nadu,[(11, 1), (21, 1), (26, 1), (34, 1), (96, 2), (110, 1), (174, 1)]
karwar,[(12, 2)]
valval,[(12, 1)]
milk,[(12, 1), (21, 1), (32, 1), (50, 1), (55, 1), (74, 1), (77, 2), (130, 1), (136, 1), (170, 2)]
no,[(12, 2), (34, 1), (41, 2), (126, 3), (142, 1), (161, 2), (166, 2), (168, 1), (188, 1)]
onion,[(12, 1), (22, 1), (37, 1), (41, 1), (71, 1), (80, 1), (102, 2), (107, 1), (117, 1), (141, 2), (144, 1), (152, 1), (160, 1), (166, 1), (169, 1), (172, 1), (176, 1), (194, 1)]
garlic,[(12, 1), (14, 1), (39, 1), (41, 2), (42, 1), (44, 1), (61, 1), (71, 1), (80, 1), (101, 1), (121, 1), (144, 1), (160, 1), (166, 1), (176, 1)]
comfort,[(12, 1), (92, 1)]
food,[(12, 2), (36, 1), (46, 1), (68, 1), (92, 1), (110, 1), (126, 1), (127, 1), (142, 1), (165, 1), (176, 1), (178, 1), (197, 1)]
region,[(12, 1), (23, 1), (88, 1), (102, 1), (107, 1), (110, 1), (125, 1), (135, 1)]
mild,[(12, 1), (55, 1), (61, 1), (119, 2)]
will,[(12, 1), (28, 1), (50, 1), (78, 1), (81, 1), (92, 1), (95, 1), (97, 1), (105, 1), (144, 1), (158, 1), (167, 1), (172, 2), (176, 1)]
surely,[(12, 1)]
up,[(12, 1), (47, 2), (121, 1), (125, 1), (127, 1), (129, 1), (141, 1), (163, 1), (191, 1)]
everyday,[(12, 1), (42, 1), (81, 2), (155, 1)]
takes,[(12, 1), (40, 1), (143, 1)]
every,[(12, 1), (50, 1), (68, 1), (156, 1)]
day,[(12, 1), (34, 1), (50, 1), (68, 1), (79, 2), (88, 2), (102, 1), (197, 1)]
ingredients,[(12, 1), (37, 1), (50, 1), (159, 1), (194, 1)]
who,[(13, 1), (105, 2), (114, 1), (124, 1), (142, 1)]
doesn,[(13, 1), (126, 1)]
like,[(13, 1), (27, 1), (40, 1), (54, 1), (55, 1), (65, 3), (72, 1), (77, 1), (79, 1), (88, 1), (94, 1), (97, 1), (104, 1), (115, 2), (124, 1), (129, 1), (148, 1), (152, 1), (153, 1), (156, 2), (158, 1), (167, 1), (176, 1)]
potatoes,[(13, 2), (40, 1), (41, 1), (42, 2), (55, 1), (115, 1), (140, 1), (144, 1), (151, 1), (179, 1), (194, 1), (196, 1)]
love,[(13, 1), (28, 2), (142, 2), (144, 1), (151, 1), (156, 2), (172, 1), (176, 1), (177, 1), (197, 1)]
forms,[(13, 1)]
such,[(13, 1), (83, 1), (159, 2), (197, 2)]
humble,[(13, 1), (40, 1), (56, 1), (59, 1)]
root,[(13, 1), (100, 2)]
mixes,[(13, 1)]
everything,[(13, 1)]
adapt,[(13, 1)]
flavor,[(13, 1), (19, 2), (31, 1), (46, 1), (47, 2), (61, 2), (78, 1), (96, 1), (125, 1), (141, 2), (161, 1), (167, 1), (174, 1)]
those,[(13, 1), (50, 1), (77, 1), (79, 1), (105, 1), (114, 1), (170, 1)]
days,[(13, 1), (80, 1), (104, 1), (110, 1), (144, 1), (197, 1)]
nothing,[(13, 1), (174, 1)]
fridge,[(13, 1), (114, 1)]
potato,[(13, 1), (83, 1), (84, 3), (87, 1), (123, 1), (148, 2), (164, 1), (193, 1)]
rescue,[(13, 1)]
beetroot,[(14, 2), (79, 3), (129, 2)]
palya,[(14, 1)]
stir,[(14, 1), (36, 1), (62, 1), (79, 1), (100, 1), (102, 1), (116, 3), (122, 1), (132, 1), (162, 1), (166, 1), (190, 1), (191, 3)]
fry,[(14, 1), (76, 1), (100, 2), (102, 1), (116, 2), (122, 1), (132, 1), (162, 1), (190, 1), (191, 3)]
flavoured,[(14, 1), (44, 1), (52, 1), (54, 1), (83, 1), (117, 1), (136, 1), (159, 1)]
cloves,[(14, 1), (152, 1), (153, 1)]
pounded,[(14, 1)]
freshly,[(14, 1), (17, 1), (35, 1), (71, 1), (90, 1), (132, 1), (148, 1), (196, 1), (199, 1)]
whole,[(15, 2), (17, 1), (18, 1), (29, 1), (52, 1), (54, 2), (57, 1), (60, 1), (82, 1), (86, 1), (92, 1), (113, 1), (132, 1), (137, 1), (138, 1), (152, 1), (155, 1), (160, 2), (164, 1), (167, 1), (182, 1), (189, 1)]
wheat,[(15, 2), (29, 1), (57, 1), (60, 1), (82, 1), (94, 1), (129, 1), (164, 1), (189, 1)]
lachha,[(15, 3), (108, 1)]
paratha,[(15, 5), (24, 2), (29, 2), (36, 1), (37, 2), (69, 4), (82, 1), (83, 2), (101, 3), (116, 1), (141, 1), (161, 1)]
classic,[(15, 1), (25, 1), (27, 1), (28, 1), (109, 1), (119, 1), (125, 1), (152, 1), (153, 1), (154, 1), (159, 1), (198, 1)]
layered,[(15, 1)]
flat,[(15, 1), (24, 1), (61, 1), (129, 1)]
bread,[(15, 2), (24, 1), (37, 1), (77, 1), (81, 2), (115, 1), (120, 1), (129, 2), (164, 1)]
most,[(15, 1), (19, 1), (20, 1), (26, 1), (33, 1), (37, 1), (38, 1), (49, 1), (63, 1), (75, 1), (82, 1), (104, 1), (110, 1), (125, 1), (128, 1), (142, 1), (149, 1), (151, 1), (156, 1), (171, 1), (184, 1), (198, 1)]
maida,[(15, 1), (164, 1)]
pure,[(15, 1), (144, 1), (176, 2)]
chakki,[(15, 1), (164, 1)]
atta,[(15, 1), (69, 1), (82, 1), (164, 1)]
regions,[(15, 1), (90, 1)]
call,[(15, 1), (91, 1)]
names,[(15, 1)]
layers,[(15, 1)]
gives,[(15, 1), (19, 1), (52, 1), (69, 1), (93, 1), (101, 1), (149, 1), (169, 1), (191, 1)]
crisp,[(15, 1), (47, 1), (76, 1)]
touch,[(15, 1), (86, 1), (92, 1), (149, 1)]
makes,[(15, 1), (36, 1), (41, 2), (57, 1), (58, 1), (59, 1), (65, 1), (76, 1), (83, 1), (84, 1), (86, 1), (89, 1), (92, 1), (93, 1), (100, 1), (106, 2), (108, 1), (120, 1), (130, 1), (147, 1), (154, 1), (160, 1), (179, 1), (182, 1), (191, 1), (196, 1)]
any,[(15, 1), (24, 1), (26, 1), (29, 1), (37, 1), (38, 1), (50, 1), (53, 1), (58, 2), (59, 1), (73, 1), (83, 2), (98, 1), (102, 1), (118, 1), (121, 1), (128, 1), (131, 1), (140, 1), (163, 1), (164, 1), (179, 1), (180, 1), (182, 1), (190, 1), (197, 1)]
dishes,[(15, 1), (50, 1), (63, 1), (75, 1), (93, 1), (123, 2), (144, 1), (147, 1), (171, 1), (177, 2), (178, 2), (197, 1)]
kulcha,[(16, 3)]
leavened,[(16, 1), (164, 1)]
flatbread,[(16, 1)]
originated,[(16, 1)]
subcontinent,[(16, 1), (70, 1)]
naan,[(16, 2), (115, 1)]
essentially,[(16, 1), (82, 1), (117, 1), (173, 1), (195, 1)]
invented,[(16, 1)]
local,[(16, 1), (26, 1), (39, 1)]
version,[(16, 1), (46, 1), (123, 1), (127, 1), (142, 1)]
was,[(16, 1), (25, 1)]
brought,[(16, 1)]
punjab,[(16, 1)]
here,[(16, 1), (18, 1), (37, 1), (50, 1), (60, 1), (110, 1), (127, 1), (141, 1), (163, 1), (164, 1)]
m,[(16, 1)]
making,[(16, 1), (31, 2), (34, 1), (55, 1), (74, 1), (78, 1), (80, 1), (119, 1), (121, 2), (122, 1), (127, 1), (155, 1), (164, 1), (170, 1), (184, 1)]
baked,[(16, 1), (47, 1)]
yeast,[(16, 1)]
turned,[(16, 1)]
really,[(16, 1), (81, 1), (156, 1), (167, 1)]
chole,[(16, 1)]
medley,[(17, 1), (68, 1)]
roasted,[(17, 1), (19, 1), (30, 1), (32, 2), (34, 1), (47, 1), (75, 1), (82, 1), (86, 2), (96, 1), (103, 1), (106, 1), (123, 1), (134, 2), (141, 1), (153, 1), (157, 2), (196, 1)]
combined,[(17, 1), (62, 1), (70, 1), (116, 1), (134, 1), (153, 1), (184, 1), (192, 1)]
mushroom,[(17, 2), (25, 2), (31, 2), (39, 1), (67, 1), (132, 1)]
shagoti,[(17, 1)]
goan,[(17, 1), (20, 1), (25, 2), (45, 1), (67, 3), (71, 1), (80, 1), (122, 2), (140, 2), (158, 1), (173, 1), (176, 1)]
bursting,[(17, 1)]
hint,[(17, 1), (89, 1), (92, 1)]
sourness,[(17, 1), (121, 3)]
seeds,[(17, 1), (32, 1), (39, 1), (61, 1), (72, 1), (75, 1), (104, 1), (112, 2), (121, 1), (129, 1), (132, 1), (136, 1), (154, 2), (157, 1), (159, 1), (166, 2), (170, 1)]
star,[(17, 1), (35, 1), (54, 1), (165, 1)]
ingredient,[(17, 1), (19, 1), (26, 2), (76, 1), (94, 1), (126, 1), (163, 1), (170, 1), (184, 1)]
something,[(17, 1), (56, 1), (65, 2), (172, 1)]
worth,[(17, 1)]
try,[(17, 1), (18, 1), (24, 1), (81, 1), (89, 1), (94, 1), (97, 1), (129, 1), (144, 2), (172, 1)]
amritsari,[(18, 1)]
fries,[(18, 1), (79, 1)]
extremely,[(18, 1), (67, 1), (105, 1), (108, 1), (141, 1), (160, 1)]
amritsar,[(18, 1)]
over,[(18, 1), (47, 1), (50, 1)]
instead,[(18, 1), (38, 1), (48, 1), (110, 1), (116, 1), (136, 1), (170, 1)]
frying,[(18, 1), (36, 1), (166, 1), (170, 1), (180, 1)]
after,[(18, 1), (50, 1), (197, 1)]
dipping,[(18, 1)]
shallow,[(18, 1), (44, 1), (168, 1), (170, 1), (180, 1)]
marinated,[(18, 1), (30, 1)]
yes,[(18, 1)]
tempered,[(18, 1), (54, 1), (119, 1), (121, 1), (136, 1), (157, 1), (176, 1)]
little,[(18, 1), (34, 1), (80, 2), (89, 1)]
definitely,[(18, 1), (141, 1)]
give,[(18, 1), (126, 1), (169, 1)]
cook,[(18, 1), (34, 1), (62, 1), (65, 1), (83, 1), (91, 1), (150, 1), (197, 1)]
mid,[(18, 1)]
week,[(18, 1)]
surprise,[(18, 1)]
family,[(18, 1), (152, 1)]
udupi,[(19, 2), (135, 2), (174, 1)]
ash,[(19, 2), (133, 2)]
gourd,[(19, 2), (53, 3), (59, 3), (72, 1), (98, 2), (102, 1), (106, 2), (125, 1), (133, 2), (136, 2), (154, 1), (184, 1), (186, 1), (190, 2), (196, 1)]
based,[(19, 1), (23, 1), (25, 1), (33, 1), (53, 1), (67, 1), (95, 1), (181, 1), (195, 1), (198, 1)]
being,[(19, 1), (126, 1)]
main,[(19, 1), (59, 1), (76, 1), (94, 1), (105, 1), (163, 1), (188, 1)]
their,[(19, 1), (26, 1), (39, 1), (75, 1), (88, 1), (105, 1), (143, 1)]
strong,[(19, 1)]
wonderful,[(19, 1), (98, 1), (110, 1), (191, 1), (196, 1)]
aroma,[(19, 1), (46, 1)]
patol,[(20, 1)]
bhaji,[(20, 2)]
available,[(20, 1), (49, 1), (67, 1), (110, 1), (156, 1), (187, 1), (192, 1)]
tea,[(20, 1)]
stalls,[(20, 1), (171, 1)]
pav,[(20, 1)]
breakfast,[(20, 1), (29, 1), (37, 2), (41, 1), (83, 1), (131, 2), (159, 1), (164, 1), (171, 1), (182, 1), (189, 1)]
chettinad,[(21, 2), (27, 2), (31, 2), (46, 5), (50, 5), (87, 2), (99, 2), (110, 7), (153, 1), (156, 1), (162, 2), (194, 3)]
sura,[(21, 1)]
meen,[(21, 1)]
kuzhambu,[(21, 1), (50, 1), (87, 1), (93, 1), (162, 1), (186, 1)]
aka,[(21, 1)]
shark,[(21, 4)]
quintessential,[(21, 1), (154, 1)]
hence,[(21, 1), (49, 1), (51, 1), (113, 1), (114, 1), (138, 1), (186, 1)]
typically,[(21, 1), (46, 1), (193, 1)]
eaten,[(21, 1), (33, 1), (41, 2), (93, 1), (106, 1), (144, 1), (193, 1)]
entire,[(21, 1)]
specially,[(21, 1), (148, 1)]
believed,[(21, 1), (51, 1)]
breastfeeding,[(21, 1)]
mothers,[(21, 1)]
increases,[(21, 1)]
supply,[(21, 1)]
new,[(21, 1)]
born,[(21, 1)]
increase,[(21, 1), (49, 1), (81, 1)]
body,[(21, 1), (26, 1), (31, 1), (68, 1), (83, 1), (186, 1)]
heat,[(21, 1), (71, 1), (83, 1)]
so,[(21, 1), (72, 1), (80, 1), (83, 1), (110, 1), (151, 1), (176, 1)]
its,[(21, 1), (50, 1), (78, 1), (83, 1), (96, 1), (106, 1), (107, 1), (110, 1), (115, 1), (164, 1), (178, 1)]
suggested,[(21, 1)]
consume,[(21, 1)]
wisely,[(21, 1)]
vada,[(22, 3)]
chana,[(22, 1), (94, 2), (119, 1), (125, 3), (128, 3), (133, 1), (184, 1)]
dal,[(22, 1), (35, 2), (41, 1), (56, 2), (57, 3), (63, 1), (68, 3), (82, 1), (84, 1), (86, 1), (91, 4), (94, 4), (97, 1), (98, 3), (100, 1), (103, 1), (113, 1), (118, 5), (119, 4), (121, 8), (127, 1), (133, 2), (137, 1), (155, 3), (157, 3), (158, 1), (167, 3), (174, 1), (182, 1), (184, 1), (195, 1), (196, 1)]
tomato,[(22, 1), (34, 1), (53, 2), (62, 1), (66, 1), (108, 1), (117, 1), (139, 3), (141, 1), (152, 1), (169, 1), (194, 1), (198, 1)]
paneer,[(23, 1), (24, 1), (30, 2), (37, 1), (62, 3), (86, 1), (101, 1), (152, 1), (164, 1), (198, 3)]
gassi,[(23, 1), (128, 6)]
chilli,[(23, 1), (86, 2), (101, 1), (158, 1)]
coastal,[(23, 1), (52, 1)]
mangalore,[(23, 3), (52, 1), (63, 1), (78, 1), (184, 4)]
traditionally,[(23, 1), (93, 1), (118, 1), (121, 1), (140, 1)]
lovely,[(23, 1), (43, 1), (92, 1), (101, 1), (159, 1)]
blend,[(23, 1), (67, 1), (71, 1), (73, 1), (110, 1), (162, 1), (167, 1)]
fragrant,[(23, 1), (153, 1)]
quite,[(23, 1), (150, 1)]
unique,[(23, 1), (66, 1), (80, 1), (93, 1)]
cultural,[(23, 1)]
heritage,[(23, 1)]
mostly,[(23, 1), (75, 1), (158, 1), (170, 1), (192, 1)]
influenced,[(23, 1)]
tulu,[(23, 1)]
speaking,[(23, 3)]
bunts,[(23, 1)]
kannada,[(23, 1), (56, 1)]
brahmins,[(23, 2)]
catholics,[(23, 1)]
goud,[(23, 1)]
saraswat,[(23, 1)]
name,[(23, 1), (58, 1), (120, 1), (146, 1), (180, 1)]
veg,[(24, 1), (144, 1), (176, 2), (185, 1)]
mughlai,[(24, 1), (94, 2), (137, 1), (178, 3)]
where,[(24, 1), (42, 1), (61, 1), (62, 1), (69, 1), (74, 1), (85, 1), (137, 1), (168, 1), (171, 1), (174, 1), (176, 1)]
crumbled,[(24, 1)]
tossed,[(24, 1), (26, 1), (44, 1), (62, 1), (86, 1), (108, 1), (117, 1), (132, 1), (137, 1), (162, 1), (163, 1), (171, 1)]
veggies,[(24, 1)]
filled,[(24, 1), (52, 1), (191, 1)]
eggs,[(24, 1), (197, 1)]
shape,[(24, 1), (180, 1)]
thick,[(24, 1), (52, 1), (116, 1), (127, 1), (149, 1), (192, 1)]
fat,[(24, 1), (53, 1), (105, 1), (141, 1)]
square,[(24, 1)]
packet,[(24, 1)]
tangy,[(24, 1), (52, 1), (71, 2), (84, 1), (95, 1), (112, 1), (121, 1), (149, 1), (181, 1), (196, 1), (199, 1)]
mint,[(24, 1), (54, 2), (70, 2), (74, 2)]
coriander,[(24, 1), (32, 1), (54, 2), (62, 1), (70, 3), (75, 1), (118, 1), (129, 1), (135, 1), (160, 1), (166, 1), (189, 1)]
chutney,[(24, 1), (83, 1), (136, 1), (157, 4), (191, 1)]
best,[(24, 1), (59, 1), (67, 1), (120, 1), (121, 2), (176, 1), (199, 1)]
festival,[(24, 1), (41, 1), (55, 1), (80, 1), (148, 1), (174, 1), (190, 1)]
special,[(24, 1), (102, 1), (170, 1), (171, 1), (176, 1), (179, 1), (193, 1)]
occasions,[(24, 1), (51, 1), (102, 1), (176, 1), (193, 1)]
minced,[(24, 1), (111, 1)]
keema,[(24, 1), (69, 2), (111, 1), (164, 2)]
mutton,[(24, 1), (94, 1), (111, 2), (160, 4)]
created,[(24, 1), (63, 1), (64, 1)]
scramble,[(24, 1)]
vindaloo,[(25, 2)]
pork,[(25, 1)]
introduced,[(25, 1), (105, 1)]
portuguese,[(25, 1)]
goa,[(25, 1), (97, 1)]
vinegar,[(25, 1)]
infused,[(25, 1)]
andhra,[(26, 2), (53, 1), (75, 2), (91, 1), (98, 2), (102, 2), (109, 2), (117, 1), (157, 2), (196, 5)]
davva,[(26, 1)]
aava,[(26, 1)]
koora,[(26, 1), (53, 1), (98, 1), (117, 1), (148, 2)]
sweet,[(26, 2), (71, 2), (84, 3), (89, 1), (112, 1), (148, 1), (173, 1), (199, 1)]
banana,[(26, 5), (37, 3), (80, 1), (95, 2), (122, 1), (158, 1), (199, 1)]
peanut,[(26, 1), (104, 1)]
crunchy,[(26, 1), (77, 1), (119, 1), (120, 1)]
peanuts,[(26, 1), (75, 1), (86, 2), (104, 2), (106, 1)]
house,[(26, 1), (65, 1), (172, 1)]
hold,[(26, 1)]
diabetic,[(26, 1), (155, 1)]
friendly,[(26, 1), (155, 1)]
helps,[(26, 1), (49, 1), (104, 1), (122, 1), (184, 1)]
solve,[(26, 1)]
gastric,[(26, 1)]
problems,[(26, 1)]
rasam,[(27, 3), (34, 2), (76, 1), (100, 1), (177, 3), (196, 1)]
powder,[(27, 3), (47, 1), (62, 1), (86, 1), (101, 1), (129, 2), (158, 1), (177, 1), (179, 1)]
homes,[(27, 1), (68, 1)]
charu,[(27, 1)]
saaru,[(27, 1), (90, 2), (130, 2)]
flavourful,[(27, 1), (40, 1), (50, 2), (66, 1), (71, 1), (120, 1), (143, 1), (150, 1), (193, 1)]
soup,[(27, 2), (130, 2)]
tomatoes,[(27, 1), (39, 1), (44, 1), (47, 1), (62, 1), (123, 1), (126, 1), (141, 1), (194, 1)]
lentil,[(27, 1), (155, 1), (167, 2), (174, 1), (179, 1), (180, 2)]
broth,[(27, 1), (139, 1)]
sipped,[(27, 1)]
appetiser,[(27, 1)]
properties,[(27, 1), (165, 1)]
bigger,[(27, 1)]
batches,[(27, 1)]
store,[(27, 1), (126, 2)]
them,[(27, 1), (37, 1), (79, 1), (105, 1), (110, 1), (114, 1), (142, 1), (166, 2)]
airtight,[(27, 1)]
container,[(27, 1)]
stays,[(27, 1)]
months,[(27, 1)]
if,[(28, 1), (65, 1), (142, 1), (196, 1)]
kadhi,[(28, 2), (135, 1), (161, 1), (181, 1)]
chawal,[(28, 1), (100, 2)]
absolutely,[(28, 1), (127, 1), (179, 1), (188, 1)]
meal,[(28, 1), (29, 1), (30, 1), (41, 1), (46, 1), (48, 1), (55, 1), (59, 1), (76, 2), (81, 1), (82, 1), (83, 1), (108, 1), (123, 1), (143, 1), (145, 1), (156, 1), (168, 1), (193, 1), (199, 1)]
bowl,[(28, 1), (162, 1)]
kathiyawadi,[(28, 1), (107, 1)]
bhaat,[(28, 1), (104, 2)]
na,[(28, 1), (142, 1)]
rasawala,[(28, 1)]
muthia,[(28, 1)]
dhokla,[(28, 1)]
dumplings,[(28, 1), (57, 1), (118, 1)]
stuffed,[(29, 3), (37, 3), (40, 1), (64, 1), (69, 1), (82, 1), (84, 2), (101, 1), (106, 2), (107, 1), (164, 2), (182, 1)]
mooli,[(29, 2), (101, 1)]
wholesome,[(29, 1), (46, 1), (59, 1), (103, 1), (137, 1), (155, 1), (161, 1), (179, 1), (184, 1), (189, 1)]
white,[(29, 1)]
radish,[(29, 1), (101, 1), (158, 1)]
dough,[(29, 1), (60, 1), (81, 1), (82, 1)]
throughout,[(29, 1)]
year,[(29, 1), (187, 1)]
tikka,[(30, 2), (146, 1)]
pulao,[(30, 1), (54, 4), (92, 1)]
pot,[(30, 1), (65, 1), (93, 1), (94, 1), (98, 1), (156, 2)]
pan,[(30, 1), (42, 1), (78, 1), (117, 1), (170, 1), (179, 1)]
pressure,[(30, 1), (98, 1), (122, 1), (184, 1)]
cooker,[(30, 1), (98, 1)]
pepper,[(31, 3), (46, 1), (73, 1), (132, 1), (191, 2)]
having,[(31, 1), (121, 1)]
prominent,[(31, 1)]
mushrooms,[(31, 1), (39, 1), (67, 1), (128, 1), (132, 1)]
storehouse,[(31, 1)]
source,[(31, 1), (95, 1), (122, 2), (167, 1), (184, 1)]
calcium,[(31, 1), (177, 1)]
vitamin,[(31, 1), (81, 1), (104, 2), (144, 3), (191, 1)]
d,[(31, 1)]
beneficial,[(31, 1)]
bone,[(31, 1)]
immune,[(31, 1), (53, 1), (122, 1), (191, 1)]
system,[(31, 1), (53, 1), (122, 1), (191, 1)]
semi,[(31, 1)]
eggplant,[(32, 2)]
chickpea,[(32, 2)]
flavorful,[(32, 1), (194, 1)]
turmeric,[(32, 1), (92, 1), (158, 1)]
garam,[(32, 1), (47, 1), (62, 1), (69, 1), (126, 1), (129, 1)]
leave,[(32, 1), (46, 1), (114, 1)]
delectable,[(32, 1), (53, 1), (65, 1), (109, 1), (119, 1)]
palate,[(32, 1), (134, 1)]
mustard,[(32, 1), (112, 2), (121, 1), (136, 1), (157, 1), (159, 1), (161, 1), (176, 1), (179, 1)]
breads,[(32, 1), (61, 1)]
omakka,[(33, 1)]
papaya,[(33, 1)]
matta,[(33, 1)]
urulaizhilangu,[(34, 2)]
podimas,[(34, 2), (103, 1)]
time,[(34, 1), (41, 1), (79, 1), (92, 1), (95, 1), (107, 1), (120, 1), (142, 1), (143, 1), (161, 1), (168, 1), (178, 1), (191, 1), (198, 1)]
perfect,[(34, 1), (41, 1), (57, 1), (65, 1), (71, 1), (83, 1), (86, 1), (89, 1), (90, 1), (91, 1), (97, 1), (128, 1), (131, 1), (164, 1), (184, 1), (189, 1), (197, 1)]
rainy,[(34, 1), (67, 1)]
healthier,[(34, 1)]
pack,[(34, 1), (65, 1), (81, 1), (144, 1), (161, 1)]
kids,[(34, 1), (36, 1), (81, 1), (106, 1), (114, 1), (124, 1), (191, 2)]
box,[(34, 1), (81, 2), (83, 1), (161, 1), (191, 2)]
amazing,[(34, 1), (46, 1), (120, 1), (147, 2)]
weeknight,[(34, 1), (59, 1), (62, 1), (77, 1), (119, 1), (124, 1), (139, 1), (161, 1), (186, 1), (191, 1)]
papads,[(34, 1)]
olya,[(35, 1)]
kaju,[(35, 1)]
chi,[(35, 1)]
amti,[(35, 1), (104, 2)]
malvani,[(35, 1)]
toor,[(35, 1), (91, 1), (94, 1), (98, 2), (118, 4), (121, 1), (196, 1)]
masoor,[(35, 1), (94, 1), (121, 1), (155, 2), (157, 2)]
together,[(35, 1), (37, 1), (68, 1), (108, 1), (124, 1), (173, 1)]
tadka,[(35, 1), (41, 1), (127, 1), (153, 1), (159, 1)]
not,[(35, 1), (49, 1), (56, 1), (79, 1), (85, 1), (126, 1), (136, 1), (138, 1), (164, 1)]
forget,[(35, 1)]
cashew,[(35, 1), (137, 1), (169, 1), (190, 1)]
nuts,[(35, 1), (137, 1)]
rajma,[(36, 1), (100, 1), (170, 2)]
saagwala,[(36, 1)]
power,[(36, 1)]
enriched,[(36, 1)]
kidney,[(36, 1)]
beans,[(36, 1), (50, 1), (55, 1), (97, 3), (124, 2), (140, 1), (148, 1), (162, 2), (167, 1), (171, 3), (177, 3)]
minimal,[(36, 1), (191, 1)]
know,[(36, 1), (105, 1)]
super,[(36, 1), (37, 2)]
loaded,[(36, 1), (55, 1)]
tons,[(36, 1)]
side,[(36, 1), (40, 1), (41, 1), (42, 1), (58, 2), (86, 2), (91, 2), (100, 1), (102, 1), (108, 1), (115, 1), (116, 1), (121, 1), (127, 1), (143, 1), (149, 1), (162, 1), (168, 1), (170, 1), (186, 1), (190, 1), (196, 1)]
phulkas,[(36, 1), (76, 1), (77, 1), (116, 1), (119, 1), (191, 1)]
lunchbox,[(36, 1)]
raw,[(37, 3), (80, 1), (88, 1), (89, 1), (95, 2), (103, 1), (112, 1), (122, 1), (135, 1), (158, 2), (166, 1), (173, 2)]
contains,[(37, 1), (47, 1), (132, 1)]
two,[(37, 1), (194, 1)]
nutritional,[(37, 1), (105, 1), (115, 1)]
value,[(37, 1)]
parathas,[(37, 1), (41, 1), (52, 1), (76, 1), (77, 1), (82, 1), (108, 1), (115, 1), (191, 1)]
staple,[(37, 1), (55, 1), (68, 1), (181, 1)]
north,[(37, 1), (48, 1), (111, 1), (138, 1), (178, 1), (181, 1), (198, 1)]
people,[(37, 1), (48, 1), (78, 1), (82, 1), (104, 1), (144, 1), (163, 1), (176, 1), (177, 1)]
stuffing,[(37, 1), (101, 1), (164, 2), (182, 1)]
rare,[(37, 1), (51, 1)]
put,[(37, 1)]
guilt,[(37, 1)]
morning,[(37, 1)]
kappa,[(38, 1)]
biryani,[(38, 2), (46, 2), (58, 2), (108, 1), (152, 2), (156, 8)]
twist,[(38, 1), (172, 1)]
beef,[(38, 1)]
us,[(38, 1)]
aware,[(38, 1)]
since,[(38, 1), (114, 1), (115, 1), (127, 1), (177, 1)]
tapioca,[(38, 1)]
consumed,[(38, 1)]
kodava,[(39, 2)]
kummu,[(39, 2)]
hails,[(39, 1)]
district,[(39, 1)]
coorg,[(39, 1), (61, 3)]
locally,[(39, 1)]
language,[(39, 1)]
jeera,[(39, 1), (141, 1), (152, 1)]
saut,[(39, 1), (163, 1)]
ed,[(39, 1), (163, 1)]
onions,[(39, 1), (47, 1), (78, 1), (116, 1), (127, 1), (134, 1), (194, 1)]
gilka,[(40, 2)]
silk,[(40, 1)]
squash,[(40, 1)]
another,[(40, 1)]
level,[(40, 1), (95, 1)]
filling,[(40, 1), (84, 1), (101, 1), (131, 1)]
mixture,[(40, 1)]
versatile,[(40, 1), (197, 1)]
stuff,[(40, 1), (142, 1)]
brinjals,[(40, 1), (196, 1)]
okra,[(40, 1), (134, 1)]
etc,[(40, 1), (55, 1), (79, 1), (104, 1), (170, 1)]
dubki,[(41, 1)]
wale,[(41, 1)]
mathura,[(41, 1)]
uttar,[(41, 1), (125, 1)]
pradesh,[(41, 1), (98, 1), (125, 1)]
famously,[(41, 1)]
puris,[(41, 2), (100, 1), (120, 1), (131, 1), (182, 1)]
fasting,[(41, 1), (104, 1), (144, 1)]
popularly,[(41, 1), (70, 1)]
either,[(41, 1)]
weekend,[(41, 1), (50, 1), (52, 1), (65, 1), (141, 1), (182, 1)]
brunch,[(41, 1)]
masaledar,[(42, 1)]
moongphali,[(42, 1)]
tilwale,[(42, 1)]
baby,[(42, 1)]
ginger,[(42, 1), (101, 1), (127, 1), (136, 1), (159, 1), (160, 1), (175, 1)]
masalas,[(42, 1), (84, 1)]
finished,[(42, 1)]
squeeze,[(42, 1)]
lemon,[(42, 1), (103, 1), (121, 1), (123, 1), (171, 1)]
lagan,[(43, 1)]
ki,[(43, 1), (86, 1), (119, 1), (144, 2), (166, 1)]
machli,[(43, 1)]
pomfret,[(43, 1)]
tamatar,[(44, 1), (108, 1), (119, 1)]
wali,[(44, 1)]
colocasia,[(44, 2), (76, 1), (100, 1)]
par,[(44, 1)]
panch,[(44, 2), (116, 1), (161, 3), (179, 1)]
phoran,[(44, 2), (179, 1)]
lends,[(44, 1), (54, 1)]
beautiful,[(44, 1), (54, 1)]
bimbla,[(45, 1)]
uddamethi,[(45, 1), (80, 1), (173, 1)]
bilimbi,[(45, 1)]
vegetarian,[(45, 1), (46, 1), (48, 1), (82, 1), (110, 1), (123, 1), (170, 1), (198, 1)]
sour,[(45, 1), (89, 1), (123, 2), (173, 1)]
bimba,[(45, 1)]
fruits,[(45, 1), (49, 1)]
prawn,[(46, 2)]
assorted,[(46, 1), (141, 1)]
wide,[(46, 1)]
usage,[(46, 1)]
shallots,[(46, 1), (93, 1)]
black,[(46, 1), (125, 1), (132, 1), (140, 1), (182, 2), (192, 1)]
integral,[(46, 1), (73, 1), (193, 1)]
rustic,[(46, 1), (90, 1), (123, 1), (125, 1)]
brings,[(46, 1), (62, 1), (125, 1), (141, 1), (161, 1)]
preparations,[(46, 1), (164, 1)]
both,[(46, 2), (113, 1)]
nonvegetarian,[(46, 1)]
equal,[(46, 1)]
impact,[(46, 1)]
versions,[(46, 1)]
raita,[(46, 1), (62, 1), (124, 1), (187, 2)]
complete,[(46, 1), (50, 1), (76, 1)]
itself,[(46, 1), (78, 1), (106, 1)]
wings,[(47, 3)]
bhuna,[(47, 2), (160, 2)]
take,[(47, 1)]
crispy,[(47, 1), (60, 1), (69, 2), (95, 1), (117, 1), (119, 1), (131, 1), (142, 1)]
base,[(47, 1), (61, 1), (73, 1), (78, 1), (117, 1), (153, 1)]
curries,[(47, 1), (88, 1), (138, 2)]
almost,[(47, 1), (110, 1)]
perfectly,[(47, 1), (142, 1)]
till,[(47, 1)]
they,[(47, 1), (75, 1), (88, 1), (104, 1), (115, 1), (122, 1), (131, 3), (168, 1), (171, 1), (177, 1), (184, 1)]
top,[(47, 1), (129, 1)]
soft,[(47, 1), (81, 1), (84, 1), (95, 1), (117, 1), (164, 1)]
succulent,[(47, 1), (141, 1)]
inside,[(47, 1), (117, 1)]
tripura,[(48, 3)]
kosoi,[(48, 2)]
bwtwi,[(48, 2)]
east,[(48, 1), (138, 1)]
delicacy,[(48, 1), (83, 1), (157, 1)]
tofu,[(48, 1), (105, 2)]
shrimp,[(48, 1)]
sauce,[(48, 1), (151, 1)]
manages,[(48, 1)]
content,[(48, 1), (81, 1), (95, 1)]
including,[(49, 1)]
variety,[(49, 2), (93, 1), (110, 1), (147, 2)]
coloured,[(49, 2)]
daily,[(49, 1), (105, 1), (193, 1)]
diet,[(49, 2), (105, 1), (114, 1), (122, 1)]
only,[(49, 1), (116, 1), (164, 2), (171, 1), (192, 1)]
eye,[(49, 1)]
pleasing,[(49, 1)]
intake,[(49, 1), (155, 1)]
peppers,[(49, 1), (77, 2), (191, 1)]
vendors,[(49, 1)]
easier,[(49, 1)]
include,[(49, 1), (79, 1), (122, 1)]
regular,[(49, 1), (50, 1), (114, 1), (170, 1), (172, 1), (196, 1)]
associated,[(50, 1)]
recipes,[(50, 2), (67, 1), (82, 1), (110, 1), (170, 2), (178, 1)]
however,[(50, 2), (123, 1), (192, 1)]
interesting,[(50, 1), (116, 1), (170, 1)]
household,[(50, 1), (158, 1)]
mandi,[(50, 4), (183, 1)]
amaranth,[(50, 2), (90, 1)]
greens,[(50, 2), (79, 3), (90, 1), (114, 1), (135, 1)]
basis,[(50, 1)]
means,[(50, 1), (56, 1)]
leftover,[(50, 1)]
washing,[(50, 1)]
basic,[(50, 1), (56, 1), (170, 1), (194, 1)]
found,[(50, 1)]
kitchen,[(50, 1), (70, 1), (197, 1)]
yet,[(50, 1), (119, 1), (125, 1), (159, 1), (172, 1), (176, 1)]
turns,[(50, 1), (144, 1)]
pretty,[(50, 1), (107, 2), (187, 1), (191, 1)]
optional,[(50, 1), (77, 1)]
more,[(50, 1), (52, 1), (72, 1), (74, 1), (83, 1), (85, 1), (88, 1), (127, 1), (131, 1), (160, 1), (164, 1), (176, 1)]
richer,[(50, 1)]
paruppu,[(50, 1), (186, 1)]
urundai,[(50, 1)]
bom,[(51, 1)]
chount,[(51, 1)]
wangan,[(51, 1)]
importance,[(51, 1)]
festivals,[(51, 1), (176, 1)]
ceremonies,[(51, 1)]
offered,[(51, 1)]
bhog,[(51, 1)]
ancestors,[(51, 1)]
nurge,[(52, 2)]
gashie,[(52, 2)]
drumstick,[(52, 2), (75, 2), (130, 1), (155, 1), (175, 2)]
exciting,[(52, 1)]
steaming,[(52, 1), (123, 1)]
rotis,[(52, 1), (91, 1), (100, 1), (123, 1), (127, 1), (144, 1), (196, 1)]
beerakaya,[(53, 1)]
ridge,[(53, 3), (59, 3), (72, 1), (125, 1), (136, 3), (154, 1)]
colourful,[(53, 1), (191, 1)]
low,[(53, 1), (105, 1), (165, 1), (184, 1)]
saturated,[(53, 1)]
calories,[(53, 1), (165, 1)]
aids,[(53, 1), (104, 1)]
weight,[(53, 1), (104, 1)]
loss,[(53, 1), (104, 1)]
heal,[(53, 1)]
jaundice,[(53, 1)]
strengthen,[(53, 1)]
against,[(53, 1)]
infection,[(53, 1)]
bay,[(54, 1), (152, 1)]
cinnamon,[(54, 1), (75, 1), (152, 1)]
stick,[(54, 1)]
anise,[(54, 1)]
these,[(54, 1), (110, 1), (120, 1), (142, 1), (164, 1), (171, 1)]
needless,[(54, 1)]
say,[(54, 1), (142, 1)]
generous,[(54, 1)]
amount,[(54, 1), (68, 1), (191, 1)]
add,[(54, 1), (86, 1), (120, 1), (141, 1), (163, 1), (194, 1)]
stew,[(55, 5), (158, 1)]
nutritious,[(55, 1), (80, 1), (113, 1), (130, 1), (144, 1), (184, 1), (186, 1)]
carrots,[(55, 1), (77, 2), (144, 1), (148, 1), (179, 1)]
cauliflower,[(55, 1), (77, 1), (162, 2), (191, 2)]
peas,[(55, 1), (116, 3), (140, 1), (153, 1), (166, 1), (169, 2)]
purely,[(55, 1)]
delicately,[(55, 1), (69, 1)]
green,[(55, 1), (71, 1), (80, 1), (86, 1), (88, 1), (95, 1), (101, 1), (113, 1), (116, 1), (136, 1), (137, 1), (146, 1), (153, 1), (154, 1), (159, 1), (166, 1), (167, 3), (169, 2), (175, 1), (176, 1), (187, 2), (189, 1)]
chillies,[(55, 1), (71, 2), (73, 1), (136, 1), (141, 2), (149, 1), (157, 1), (159, 1), (175, 1), (185, 2)]
onam,[(55, 2), (73, 1)]
sadya,[(55, 1), (73, 1)]
famous,[(55, 1), (73, 1), (96, 1), (110, 2), (114, 1), (118, 1), (174, 1), (177, 1), (182, 1)]
appams,[(55, 1)]
moolangi,[(56, 1)]
tovve,[(56, 2), (145, 2)]
term,[(56, 1)]
heavy,[(56, 1)]
light,[(56, 1), (130, 1), (139, 1), (162, 1)]
tummy,[(56, 1), (131, 1)]
rajasthani,[(57, 2)]
muthiya,[(57, 1)]
yellow,[(57, 1), (78, 1), (113, 1), (167, 2)]
mogar,[(57, 1)]
similar,[(57, 1), (174, 1), (196, 1)]
baat,[(57, 1)]
others,[(57, 1), (105, 1)]
brinjal,[(58, 1), (87, 1), (117, 1), (179, 1)]
suggests,[(58, 1), (120, 1)]
bangalore,[(58, 1)]
restaurants,[(58, 1), (65, 1), (110, 1), (198, 1)]
weddings,[(58, 1), (108, 1), (199, 1)]
biryanis,[(58, 2)]
tanginess,[(58, 1), (86, 1), (151, 1), (174, 1)]
sweetness,[(58, 1)]
pairs,[(58, 1)]
pulaos,[(58, 1)]
tambli,[(59, 3)]
combines,[(59, 1)]
curd,[(59, 1), (82, 1), (164, 1)]
many,[(59, 1), (82, 1), (90, 1), (106, 1), (130, 1), (144, 1), (164, 1), (165, 1), (177, 1), (184, 1), (185, 1)]
mistake,[(59, 1)]
tasteless,[(59, 1)]
innumerable,[(59, 1)]
combining,[(59, 1), (60, 1), (195, 1)]
dollop,[(59, 1)]
comforting,[(59, 1), (97, 1), (98, 1), (119, 1), (167, 1)]
component,[(59, 1)]
dahi,[(60, 1), (134, 1)]
methi,[(60, 2), (120, 4), (143, 1)]
puri,[(60, 3), (131, 1), (151, 1)]
kumbala,[(61, 2)]
diced,[(61, 1)]
pumpkins,[(61, 1)]
resulting,[(61, 1)]
cumin,[(61, 1), (72, 1), (73, 1), (77, 1), (101, 1), (121, 1), (132, 1), (159, 1), (166, 2)]
akki,[(61, 1), (106, 1), (114, 3)]
rotti,[(61, 1)]
gluten,[(61, 1), (100, 1), (114, 1)]
free,[(61, 1), (100, 1), (114, 1)]
jalfrezi,[(62, 3)]
homemade,[(62, 2), (177, 1)]
puree,[(62, 1), (66, 2)]
mangalorean,[(63, 2), (72, 2), (78, 1), (128, 3), (190, 1)]
bendekayi,[(63, 2), (72, 2)]
huli,[(63, 1), (72, 3), (90, 2), (118, 1), (145, 2)]
koddel,[(63, 1), (72, 2)]
always,[(63, 1), (78, 1), (156, 1)]
must,[(63, 1), (129, 1), (145, 1)]
cut,[(63, 1), (114, 1)]
down,[(63, 1)]
otherwise,[(63, 1)]
ladies,[(63, 1)]
milagai,[(64, 1), (192, 1)]
bajji,[(64, 1), (86, 1)]
innovative,[(64, 1)]
feel,[(65, 1)]
eating,[(65, 1), (156, 1)]
exotic,[(65, 1), (178, 1)]
restaurant,[(65, 1)]
tastes,[(65, 1), (67, 1), (97, 1), (100, 1), (176, 2)]
exactly,[(65, 1)]
eat,[(65, 2), (156, 2), (176, 3), (197, 1)]
handi,[(65, 1), (141, 2)]
goodness,[(65, 1), (175, 1)]
parties,[(65, 1), (172, 1)]
luck,[(65, 1)]
xacuti,[(67, 2)]
wild,[(67, 1)]
forest,[(67, 1)]
season,[(67, 1), (125, 1), (177, 1), (179, 1), (192, 1)]
hand,[(67, 1), (180, 1), (184, 1)]
certain,[(67, 1)]
across,[(67, 1)]
navrang,[(68, 1)]
mix,[(68, 1), (90, 1), (114, 2), (158, 1), (182, 1)]
nine,[(68, 1)]
makhni,[(68, 1)]
cream,[(68, 1), (141, 1), (150, 1), (188, 1)]
provides,[(68, 1)]
flaky,[(69, 2)]
crust,[(69, 1)]
hariyali,[(70, 1), (146, 2)]
cilantro,[(70, 1)]
west,[(70, 1)]
dhania,[(70, 1)]
sorak,[(71, 1)]
notes,[(71, 2), (173, 1)]
jaggery,[(71, 1), (80, 1), (173, 1)]
kokum,[(71, 1)]
bolu,[(72, 3)]
bhindi,[(72, 2), (134, 3), (172, 2), (181, 1)]
various,[(72, 1), (94, 1), (170, 1), (177, 1)]
chayote,[(72, 1)]
cucumber,[(72, 1), (184, 3)]
should,[(72, 1)]
saute,[(72, 1)]
until,[(72, 1), (84, 1)]
sliminess,[(72, 1)]
evaporated,[(72, 1)]
typical,[(72, 1), (140, 1), (199, 1)]
hing,[(72, 1)]
what,[(72, 1), (80, 1)]
waiting,[(72, 1)]
next,[(72, 1), (79, 1), (120, 1)]
weekday,[(72, 1), (102, 1), (112, 1), (196, 1)]
erissery,[(73, 2)]
moilee,[(74, 2)]
twisted,[(74, 1)]
further,[(74, 1)]
enhance,[(74, 1), (83, 1)]
refreshing,[(74, 1)]
munakkada,[(75, 1)]
kura,[(75, 1), (98, 1)]
cardamom,[(75, 1), (77, 1), (152, 1), (153, 1)]
pods,[(75, 1)]
prefer,[(75, 1)]
seppakizhangu,[(76, 1)]
roast,[(76, 1), (100, 1)]
much,[(76, 1), (187, 1)]
loved,[(76, 1), (111, 1)]
taro,[(76, 1), (100, 1)]
bell,[(77, 2), (191, 3)]
busy,[(77, 1), (186, 1), (197, 1)]
dinners,[(77, 1)]
saffron,[(77, 1)]
florets,[(77, 1)]
itcauliflower,[(77, 1)]
pita,[(77, 1)]
toasted,[(77, 1)]
butter,[(77, 1), (168, 1), (169, 1), (198, 2)]
kuvalyacho,[(78, 1)]
pollav,[(78, 1)]
sun,[(78, 1)]
dried,[(78, 1), (123, 1)]
lifestyle,[(78, 1)]
changed,[(78, 1)]
starting,[(78, 1)]
whatever,[(78, 1)]
true,[(78, 1), (125, 1)]
remain,[(78, 1)]
divine,[(78, 1), (158, 1)]
buy,[(79, 1), (124, 1)]
bunch,[(79, 1)]
leafy,[(79, 1), (187, 1)]
do,[(79, 1), (97, 1), (138, 1), (142, 1)]
throw,[(79, 1)]
away,[(79, 1), (142, 1)]
gorgeous,[(79, 1)]
meals,[(79, 1), (184, 1)]
salads,[(79, 1)]
moongachi,[(80, 1)]
usali,[(80, 1)]
sprouted,[(80, 1), (113, 1)]
nutrition,[(80, 1)]
requires,[(80, 1), (161, 1)]
suitable,[(80, 1)]
about,[(80, 1), (124, 1), (186, 1)]
unexpected,[(80, 1)]
baal,[(80, 1)]
wadis,[(80, 1)]
pre,[(80, 1)]
schools,[(80, 1)]
children,[(80, 1), (156, 1)]
snack,[(80, 1)]
amlechi,[(80, 1), (173, 1)]
rava,[(80, 1)]
chapathi,[(81, 1)]
need,[(81, 1), (120, 1), (126, 1)]
mixing,[(81, 1)]
nutrient,[(81, 1), (115, 1), (167, 1)]
heart,[(81, 1)]
c,[(81, 1), (144, 1), (191, 1)]
fiber,[(81, 1), (95, 1), (100, 1), (167, 1)]
potassium,[(81, 1), (122, 1), (184, 1)]
adding,[(81, 1), (129, 1), (154, 1), (163, 1)]
create,[(81, 1)]
sattu,[(82, 4)]
ka,[(82, 2), (116, 2)]
channa,[(82, 1)]
sources,[(82, 1)]
bihar,[(82, 1)]
bihari,[(82, 1)]
common,[(82, 1)]
way,[(82, 1), (87, 1), (105, 1)]
herbs,[(82, 1)]
tawa,[(82, 1), (141, 1), (161, 1)]
baingan,[(82, 1)]
bharta,[(82, 1)]
delightful,[(82, 1), (170, 1)]
summer,[(82, 1), (125, 1), (135, 1), (186, 1)]
bajra,[(83, 3), (120, 5), (195, 2)]
provide,[(83, 1)]
consumption,[(83, 1)]
grain,[(83, 1), (152, 1)]
form,[(83, 1)]
winters,[(83, 2)]
millet,[(83, 1), (120, 1), (195, 1)]
own,[(83, 1)]
ideal,[(83, 1), (114, 1)]
carried,[(83, 1)]
bharwa,[(84, 1), (106, 2)]
karela,[(84, 1), (106, 2)]
becomes,[(84, 1)]
soya,[(85, 4), (128, 1), (164, 2)]
chaap,[(85, 4)]
asia,[(85, 1), (178, 1)]
especially,[(85, 1), (104, 1)]
pakistan,[(85, 1), (160, 1)]
bean,[(85, 1), (167, 2), (177, 1)]
mimics,[(85, 1)]
meat,[(85, 2), (141, 1), (185, 1)]
amazingly,[(85, 1), (193, 1)]
thus,[(85, 1), (146, 1)]
treat,[(85, 1)]
just,[(85, 1), (114, 1), (151, 1), (156, 1), (194, 1)]
vegetarians,[(85, 1), (111, 1), (170, 1)]
lovers,[(85, 1), (92, 1)]
marination,[(85, 1)]
plays,[(85, 1)]
key,[(85, 1), (170, 1)]
role,[(85, 1)]
tender,[(85, 1), (88, 1), (127, 1), (190, 2)]
amchoor,[(86, 1)]
panchmel,[(86, 1)]
kadai,[(86, 1)]
kara,[(87, 1), (174, 1)]
jackfruit,[(88, 2), (158, 1)]
enchor,[(88, 1)]
er,[(88, 1)]
dalana,[(88, 1)]
although,[(88, 1), (121, 1), (187, 1)]
fruit,[(88, 1), (123, 1)]
native,[(88, 1), (105, 1)]
cultivation,[(88, 1)]
majority,[(88, 1)]
western,[(88, 1)]
ghats,[(88, 1)]
places,[(88, 1)]
bengal,[(88, 1)]
pickles,[(88, 1)]
cutlets,[(88, 1)]
mango,[(89, 1), (173, 2)]
beautifully,[(89, 1), (121, 1)]
balance,[(89, 1), (105, 1)]
bitter,[(89, 1), (102, 1), (106, 3), (120, 1)]
right,[(89, 1)]
lip,[(89, 1), (146, 1), (149, 1)]
smacking,[(89, 1), (146, 1), (149, 1)]
today,[(89, 1), (97, 1), (144, 1)]
enjoy,[(89, 1), (131, 1)]
soppu,[(90, 2)]
fenugreek,[(90, 1), (120, 1), (148, 1)]
ulsoppu,[(90, 1)]
state,[(90, 1), (110, 1)]
mudde,[(90, 1)]
ragi,[(90, 1), (175, 2)]
balls,[(90, 1), (113, 1), (118, 1), (170, 1)]
palak,[(91, 1)]
podi,[(91, 1)]
pappu,[(91, 1)]
half,[(91, 1)]
moong,[(91, 1), (113, 2), (133, 1), (137, 1), (158, 1), (167, 3), (174, 1), (176, 1)]
basanti,[(92, 1)]
heady,[(92, 1)]
fragrance,[(92, 1)]
gobindobhog,[(92, 1)]
soaked,[(92, 1), (123, 1), (182, 1)]
get,[(92, 1), (143, 1), (147, 1)]
golden,[(92, 1)]
overload,[(92, 1)]
cashews,[(92, 1), (190, 1)]
raisins,[(92, 1)]
perfume,[(92, 1)]
heaven,[(92, 1)]
been,[(92, 1)]
generations,[(92, 1)]
nice,[(92, 1), (119, 1)]
want,[(92, 1), (176, 1), (196, 1), (197, 1)]
indulge,[(92, 1), (142, 1)]
again,[(92, 1), (172, 2)]
kollu,[(93, 1)]
puli,[(93, 1)]
horse,[(93, 1)]
earthenware,[(93, 1)]
haleem,[(94, 3)]
hyderabad,[(94, 1)]
lamb,[(94, 1), (141, 3)]
broken,[(94, 1)]
dals,[(94, 1)]
oats,[(94, 1)]
kanch,[(95, 1)]
kolar,[(95, 1)]
kofta,[(95, 2), (170, 2), (188, 1)]
plantain,[(95, 1), (196, 1)]
favorite,[(95, 1), (152, 1), (198, 1)]
koftas,[(95, 1), (170, 2)]
dipped,[(95, 1)]
thin,[(95, 1), (135, 1)]
vitamins,[(95, 1), (100, 1), (113, 1), (155, 1), (165, 1)]
minerals,[(95, 1), (100, 1), (104, 1), (113, 1), (155, 1), (165, 1)]
starch,[(95, 1)]
present,[(95, 1)]
help,[(95, 1), (104, 1), (105, 1)]
controlling,[(95, 1)]
blood,[(95, 1), (122, 1), (184, 1)]
sugar,[(95, 1), (184, 1)]
manage,[(95, 1)]
kongunadu,[(96, 2)]
senai,[(96, 1)]
kilangu,[(96, 1)]
yam,[(96, 2), (158, 1)]
mixtures,[(96, 1)]
post,[(97, 1)]
french,[(97, 3)]
foogath,[(97, 1)]
accompanied,[(97, 1), (98, 1), (174, 1)]
sure,[(97, 1), (144, 1), (172, 1)]
sorakaya,[(98, 1)]
bottle,[(98, 2), (184, 1), (186, 1), (196, 1)]
sprouts,[(99, 2), (176, 1)]
antioxidants,[(100, 1), (167, 1)]
dietary,[(100, 1)]
appetizer,[(100, 1), (146, 1), (170, 1)]
starter,[(100, 1)]
cottage,[(101, 1), (198, 1)]
cheese,[(101, 1), (198, 1)]
salt,[(101, 1), (192, 1)]
ullikadala,[(102, 2)]
pulusu,[(102, 2)]
spring,[(102, 2), (116, 1)]
telugu,[(102, 1)]
winter,[(102, 1), (148, 2), (187, 1)]
gongura,[(102, 1)]
pachadi,[(102, 1), (143, 1), (157, 1), (192, 1)]
kakarakaya,[(102, 1), (196, 1)]
vepudu,[(102, 1), (196, 1)]
vazhakkai,[(103, 1)]
ayurvedic,[(103, 1)]
bananas,[(103, 1), (166, 1)]
less,[(103, 1), (143, 1), (156, 1)]
subtle,[(103, 1), (162, 1), (174, 1)]
asafoetida,[(103, 1)]
urad,[(103, 1), (157, 1), (182, 1), (195, 1)]
important,[(103, 1), (105, 1)]
bring,[(103, 1)]
shengdanachi,[(104, 1)]
maharashtrian,[(104, 1), (139, 3), (159, 1), (189, 1)]
varicha,[(104, 2)]
samo,[(104, 1)]
shengdanyachi,[(104, 1)]
holy,[(104, 1), (144, 1)]
month,[(104, 1), (144, 1), (171, 1)]
shravan,[(104, 1), (144, 1)]
fast,[(104, 1)]
fibre,[(104, 1), (144, 1), (165, 1)]
satiety,[(104, 1)]
b,[(104, 1), (144, 1)]
e,[(104, 1)]
magnesium,[(104, 2)]
zinc,[(104, 1)]
iron,[(104, 1), (177, 1)]
anti,[(104, 1), (165, 2)]
aging,[(104, 1)]
vegan,[(105, 1), (188, 1)]
already,[(105, 2)]
still,[(105, 1), (114, 1)]
thinking,[(105, 1)]
how,[(105, 1)]
introduce,[(105, 1)]
find,[(105, 1), (110, 1), (156, 1)]
coupled,[(106, 1)]
carries,[(106, 1)]
difficult,[(106, 1)]
adults,[(106, 1)]
kathiyawad,[(107, 1)]
gujarat,[(107, 1)]
compared,[(107, 1)]
bagare,[(108, 1)]
delicate,[(108, 1), (142, 1)]
silky,[(108, 1)]
muslim,[(108, 1)]
naans,[(108, 1)]
speciality,[(109, 1), (145, 1)]
nattu,[(110, 4)]
kozhi,[(110, 5)]
varuval,[(110, 2)]
among,[(110, 1), (118, 1), (183, 1)]
country,[(110, 4), (147, 1)]
originates,[(110, 1)]
spiciest,[(110, 1)]
preparing,[(110, 1)]
mainly,[(110, 1), (158, 1)]
non,[(110, 1), (111, 1), (185, 1)]
fantastic,[(110, 1)]
broiler,[(110, 2)]
cherished,[(111, 1)]
powders,[(111, 1), (166, 1)]
bendekaayi,[(112, 1)]
gojju,[(112, 3), (149, 2), (174, 1), (199, 1)]
saasive,[(112, 1)]
tempting,[(113, 1)]
petha,[(113, 1)]
wadi,[(113, 3)]
sundried,[(113, 1)]
split,[(113, 1)]
ones,[(113, 1), (126, 1), (127, 1)]
loads,[(113, 1)]
article,[(114, 1)]
slightly,[(114, 1), (120, 1)]
cannot,[(114, 1)]
advance,[(114, 1)]
kept,[(114, 1)]
tends,[(114, 1)]
may,[(114, 1)]
keep,[(114, 1), (184, 1)]
ready,[(114, 1), (168, 1)]
oils,[(114, 1)]
needed,[(114, 1)]
omit,[(114, 1)]
chili,[(114, 1)]
rest,[(114, 1)]
following,[(114, 1)]
turnips,[(115, 3)]
mom,[(115, 1)]
feed,[(115, 1)]
chapatis,[(115, 1), (199, 1)]
saying,[(115, 1)]
were,[(115, 1)]
actually,[(115, 1)]
never,[(115, 1), (164, 1)]
idea,[(115, 1)]
once,[(115, 1), (142, 1), (170, 1)]
grew,[(115, 1)]
older,[(115, 1)]
enough,[(115, 1), (122, 1)]
understand,[(115, 1)]
started,[(115, 1)]
liking,[(115, 1)]
matar,[(116, 2), (144, 2), (166, 1), (169, 1)]
aur,[(116, 2)]
chilke,[(116, 2)]
peel,[(116, 3), (136, 2)]
discarding,[(116, 1), (136, 1)]
spicing,[(116, 1)]
phoron,[(116, 1), (161, 3)]
trick,[(116, 1)]
remove,[(116, 1)]
vein,[(116, 1)]
chilka,[(116, 1)]
peapod,[(116, 1)]
vankaya,[(117, 1)]
pakodi,[(117, 1)]
pakora,[(117, 1), (161, 1)]
pakoras,[(117, 1)]
outside,[(117, 1), (156, 1), (197, 1)]
paniyaram,[(117, 1), (170, 1)]
sandige,[(118, 1)]
shaped,[(118, 1)]
madhwa,[(118, 1)]
community,[(118, 1)]
devara,[(118, 1)]
samaradhane,[(118, 1)]
gathering,[(118, 1)]
trevti,[(119, 2)]
three,[(119, 1)]
mashed,[(119, 1)]
renders,[(119, 1)]
batata,[(119, 1)]
nu,[(119, 1)]
shaak,[(119, 1)]
ke,[(119, 1)]
poori,[(120, 1)]
puffed,[(120, 1), (131, 1)]
characteristic,[(120, 1)]
pooris,[(120, 2), (176, 1)]
earthy,[(120, 1)]
results,[(120, 1)]
drip,[(120, 1)]
khatti,[(121, 4)]
balanced,[(121, 1)]
spiciness,[(121, 1), (178, 1)]
couples,[(121, 1)]
pickle,[(121, 1), (131, 1), (164, 1)]
veggie,[(121, 1)]
pulp,[(121, 1)]
substitute,[(121, 1)]
elevates,[(121, 1)]
plantains,[(122, 2)]
regulating,[(122, 1)]
boost,[(122, 1)]
thekera,[(123, 4)]
tenga,[(123, 4)]
assamese,[(123, 2), (138, 2), (193, 1)]
souring,[(123, 2)]
agent,[(123, 1)]
pieces,[(123, 1), (141, 1), (142, 1), (160, 2)]
warm,[(123, 1)]
agents,[(123, 1)]
end,[(123, 1), (129, 1)]
slices,[(123, 1)]
jhinga,[(124, 1)]
gawar,[(124, 2)]
shrimps,[(124, 3), (168, 2)]
cluster,[(124, 2)]
gets,[(124, 1), (161, 1), (168, 1), (180, 1)]
go,[(124, 1), (172, 1), (173, 1)]
fed,[(124, 1)]
alongside,[(124, 1)]
turai,[(125, 1)]
nenua,[(125, 1)]
goat,[(126, 1)]
marinate,[(126, 1)]
secret,[(126, 1)]
bought,[(126, 2)]
because,[(126, 1)]
kick,[(126, 1)]
crab,[(127, 2)]
monsoon,[(127, 1)]
craving,[(127, 1)]
crabs,[(127, 2)]
remedies,[(127, 1)]
bad,[(127, 1)]
remember,[(127, 1)]
choose,[(127, 1)]
smaller,[(127, 2)]
freshwater,[(127, 1)]
while,[(127, 1), (142, 1), (169, 2), (180, 1)]
juicier,[(127, 1)]
tastier,[(127, 1)]
ribbon,[(127, 1)]
salad,[(127, 1), (128, 1), (162, 1)]
asian,[(127, 1)]
sesame,[(127, 1), (129, 2)]
dressing,[(127, 1)]
kori,[(128, 1)]
chickpeas,[(128, 1)]
kala,[(128, 1)]
chunks,[(128, 1)]
luscious,[(128, 1)]
drool,[(128, 1)]
worthy,[(128, 1)]
parotta,[(128, 3)]
malabari,[(128, 1)]
magalorean,[(128, 1)]
neer,[(128, 1)]
dosa,[(128, 1)]
savory,[(128, 1), (168, 1), (174, 1)]
crepe,[(128, 1)]
thepla,[(129, 1)]
would,[(129, 1), (156, 1)]
relish,[(129, 1)]
subzi,[(129, 1)]
amchur,[(129, 1)]
rolled,[(129, 1)]
griddle,[(129, 1)]
murungai,[(130, 1)]
thanni,[(130, 1)]
soothing,[(130, 1)]
throat,[(130, 1)]
reliefs,[(130, 1)]
sabji,[(131, 1), (161, 1)]
od,[(132, 1)]
button,[(132, 1)]
coarse,[(132, 1), (157, 1)]
apart,[(132, 1)]
corns,[(132, 1)]
poosanikai,[(133, 1)]
rasavangi,[(133, 2)]
tamilnadu,[(133, 1)]
yogurt,[(134, 2), (162, 1), (181, 1), (188, 1), (192, 1)]
caramelized,[(134, 1)]
delight,[(134, 1), (163, 1)]
coolers,[(135, 1)]
kottambari,[(135, 1)]
variant,[(135, 1)]
sauteed,[(135, 1), (190, 1)]
smooth,[(135, 1)]
doodh,[(136, 1)]
jhinge,[(136, 1), (154, 1)]
gourds,[(136, 1)]
spiked,[(136, 1)]
later,[(136, 1), (160, 1)]
shahjahani,[(137, 1)]
khichdi,[(137, 1), (174, 1)]
narasingh,[(138, 1)]
masor,[(138, 1)]
jhol,[(138, 1), (179, 2)]
assam,[(138, 2)]
consists,[(138, 1), (171, 1)]
small,[(138, 1)]
river,[(138, 1)]
fishes,[(138, 1)]
halved,[(138, 1)]
sardines,[(138, 1)]
carps,[(138, 1)]
noro,[(138, 1)]
singho,[(138, 1)]
unlike,[(138, 1)]
retains,[(138, 1)]
natural,[(138, 1)]
saar,[(139, 2)]
regularly,[(139, 1)]
tonak,[(140, 2)]
alsanyache,[(140, 1)]
eyed,[(140, 1)]
legume,[(140, 1)]
cow,[(140, 1)]
legumes,[(140, 1)]
royal,[(141, 1), (150, 1)]
laziz,[(141, 1)]
fun,[(141, 1)]
extra,[(141, 2)]
slow,[(141, 1), (160, 1)]
melt,[(141, 1)]
mouth,[(141, 1)]
exploring,[(141, 1)]
blended,[(141, 1)]
spicier,[(141, 1)]
contributes,[(141, 1)]
satisfy,[(141, 1)]
parsi,[(142, 1)]
marghi,[(142, 1)]
farcha,[(142, 1)]
though,[(142, 1)]
stay,[(142, 1)]
bit,[(143, 1), (193, 1)]
runny,[(143, 1)]
gajar,[(144, 2)]
now,[(144, 1), (156, 1), (187, 1)]
going,[(144, 1)]
am,[(144, 1), (164, 1), (172, 1)]
everyone,[(144, 1)]
tiffin,[(144, 1)]
contain,[(144, 1), (158, 1)]
wedding,[(145, 1)]
better,[(147, 1)]
cuisines,[(147, 1)]
culinary,[(147, 1)]
culture,[(147, 1)]
kalle,[(148, 1)]
sankranti,[(148, 1)]
harvested,[(148, 1)]
broad,[(148, 1), (177, 1)]
hunase,[(149, 2)]
acts,[(149, 1)]
through,[(149, 1), (187, 1)]
consistency,[(149, 1)]
nawabi,[(150, 1)]
think,[(151, 1)]
easiest,[(151, 1)]
short,[(152, 1)]
samba,[(152, 1)]
lend,[(152, 1)]
robust,[(152, 1)]
pattani,[(153, 1)]
kurma,[(153, 3)]
cinnamom,[(153, 1)]
giving,[(153, 1)]
crunch,[(153, 1)]
soulful,[(153, 1)]
potaoes,[(154, 1)]
pungent,[(154, 1)]
moringa,[(155, 1)]
father,[(156, 1)]
sunday,[(156, 1)]
step,[(156, 1)]
took,[(156, 1)]
years,[(156, 1)]
exact,[(156, 1)]
share,[(156, 1)]
ponni,[(156, 1)]
sona,[(156, 1)]
masuri,[(156, 1)]
kandi,[(157, 1)]
khatkhatem,[(158, 1)]
seasonal,[(158, 1), (179, 1), (192, 1)]
hindu,[(158, 1)]
ukad,[(159, 1)]
complex,[(159, 1)]
pakistani,[(160, 1)]
gosht,[(160, 1)]
chopped,[(160, 1)]
garnished,[(160, 1)]
slowly,[(160, 1)]
juicy,[(160, 1)]
crave,[(160, 1)]
prior,[(161, 1)]
planning,[(161, 1)]
intense,[(161, 1)]
condiments,[(162, 1)]
simply,[(162, 1)]
seasoning,[(162, 1)]
besan,[(163, 2), (170, 1)]
burji,[(163, 1)]
vegans,[(163, 1)]
notion,[(163, 1)]
bhurjis,[(163, 1)]
come,[(163, 1)]
slight,[(163, 1), (192, 1)]
bhurji,[(163, 1), (197, 1)]
kulchas,[(164, 5)]
favoured,[(164, 1)]
kuchas,[(164, 1)]
generally,[(164, 1)]
relished,[(164, 1)]
stuffings,[(164, 1)]
restricted,[(164, 1)]
things,[(164, 1)]
vivatta,[(164, 1)]
broccoli,[(165, 1), (197, 2)]
essential,[(165, 1), (184, 1)]
oxidants,[(165, 1)]
cancer,[(165, 1)]
kela,[(166, 1)]
jain,[(166, 1)]
cherupayar,[(167, 2)]
mung,[(167, 3)]
lifts,[(167, 1)]
intensity,[(167, 1)]
helpful,[(167, 1)]
fighting,[(167, 1)]
diseases,[(167, 1)]
diabetes,[(167, 1)]
obesity,[(167, 1)]
skillet,[(168, 2)]
party,[(168, 1)]
appetizers,[(168, 1)]
whenever,[(168, 1)]
expecting,[(168, 1)]
dunked,[(169, 1)]
brilliant,[(169, 1)]
peculiar,[(170, 1)]
yummy,[(170, 1)]
flatbreads,[(170, 1)]
avarekalu,[(171, 3), (177, 4)]
chitranna,[(171, 1)]
field,[(171, 2)]
bengaluru,[(171, 1)]
place,[(171, 1)]
celebrate,[(171, 1)]
mela,[(171, 2)]
january,[(171, 1), (177, 1), (192, 1)]
series,[(171, 1)]
selling,[(171, 1)]
kurkuri,[(172, 1)]
punch,[(173, 1)]
huggi,[(174, 2)]
porridge,[(174, 1)]
sri,[(174, 1)]
krishna,[(174, 1)]
matt,[(174, 1)]
celebrated,[(174, 1)]
parts,[(174, 1), (177, 1), (184, 1)]
pongal,[(174, 1)]
mooga,[(176, 1)]
gathi,[(176, 2)]
mooghache,[(176, 1)]
temples,[(176, 1)]
religious,[(176, 1)]
functions,[(176, 1)]
mysore,[(177, 2)]
category,[(177, 1)]
hyacinth,[(177, 1)]
starts,[(177, 1)]
december,[(177, 1)]
consisted,[(178, 1)]
list,[(178, 1)]
developed,[(178, 1)]
medieval,[(178, 1)]
mughal,[(178, 1)]
empire,[(178, 1)]
array,[(178, 1)]
central,[(178, 1)]
niramish,[(179, 2)]
shobji,[(179, 2)]
chapor,[(179, 2), (180, 2)]
simmer,[(179, 1), (198, 1)]
patties,[(179, 1), (180, 2)]
ghonto,[(180, 2)]
mishmash,[(180, 1)]
elevation,[(180, 1)]
mish,[(180, 1)]
mash,[(180, 1)]
why,[(180, 1)]
purposely,[(180, 1)]
irregular,[(180, 1)]
pressed,[(180, 1)]
babru,[(182, 1)]
kachoris,[(182, 2)]
overnight,[(182, 1)]
before,[(182, 1)]
arabian,[(183, 1)]
yemeni,[(183, 1)]
arab,[(183, 1)]
countries,[(183, 1)]
widely,[(184, 1)]
pulses,[(184, 1)]
glycemic,[(184, 1)]
index,[(184, 1)]
levels,[(184, 2)]
control,[(184, 1)]
sodium,[(184, 1)]
controls,[(184, 1)]
laal,[(185, 1)]
maas,[(185, 1)]
rajasthan,[(185, 2)]
fiery,[(185, 1), (193, 1)]
ways,[(185, 1)]
sorakkai,[(186, 1)]
coolant,[(186, 1)]
bathua,[(187, 2)]
kakdi,[(189, 1)]
thalipeeth,[(189, 2)]
cucumbers,[(189, 1)]
manoli,[(190, 1)]
bheeja,[(190, 1)]
upkari,[(190, 1)]
ivy,[(190, 2)]
customary,[(190, 1)]
function,[(190, 1)]
highest,[(191, 1)]
boosts,[(191, 1)]
youthful,[(191, 1)]
accompany,[(191, 1)]
dhaniya,[(191, 1)]
pudina,[(191, 1)]
school,[(191, 1)]
manathakkali,[(192, 4)]
night,[(192, 1)]
shade,[(192, 1)]
myriad,[(192, 1)]
general,[(192, 1)]
vathal,[(192, 1)]
kulambu,[(192, 1)]
berry,[(192, 2)]
unusual,[(192, 1)]
thayir,[(192, 1)]
mor,[(192, 1)]
konir,[(193, 1)]
dom,[(193, 1)]
look,[(193, 1)]
vengaya,[(194, 2)]
kosu,[(194, 2)]
alternatively,[(194, 1)]
mini,[(195, 1)]
uttapam,[(195, 2)]
pearl,[(195, 1)]
millets,[(195, 1)]
pindi,[(196, 4)]
miriyam,[(196, 4)]
change,[(196, 1)]
routine,[(196, 1)]
pineapple,[(196, 1), (199, 2)]
experiment,[(197, 1)]
paired,[(197, 1)]
scrambled,[(197, 1)]
tired,[(197, 1)]
don,[(197, 1)]
menu,[(198, 1)]
northern,[(198, 1)]
province,[(198, 1)]
pineapples,[(199, 1)]
festive,[(199, 1)]
celebrations,[(199, 1)]
lead,[(199, 1)]
thanks,[(199, 1)]
